run_id,v3_run_id,pair_id,layer,db,phase_set,scenarios,k2o_level,pilot,fe3_ratio,k2o_measured_wt,mgo_bin_index,mgo_bin_center,mgo_target,mgo_upper,al_type,al_ti_upper,replicate,olivine_fo,mode_olivine,mode_opx,mode_cpx,mode_plag,trapped_liquid,source_sample,source_terrane,source_rocktype,SiO2,TiO2,Al2O3,FeO,Fe2O3,MgO,CaO,Na2O,K2O
p0000_upper_all-v3like_k0,p0000_upper,0,upper,all,v3like,v4a,k0,True,0.0,2.884378166934716,0,7.0,7.5304,7.5304,Al_depleted,11.289,0,0.8281,0.2,0.05,0.35,0.4,0.15,174432,East Pilbara Terrane,Basalt,59.8854,0.9479,10.7006,9.2872,0.0,7.5304,9.2893,2.3592,0.0
p0000_upper_mb_kmorb,p0000_upper,0,upper,mb,default,v4b;v4,kmorb,True,0.1,2.884378166934716,0,7.0,7.5304,7.5304,Al_depleted,11.289,0,0.8281,0.2,0.05,0.35,0.4,0.15,174432,East Pilbara Terrane,Basalt,59.73379808678341,0.9455003591269657,10.673511069600178,8.337320225504337,1.0295222922584866,7.511336537999475,9.265783823228318,2.353227605498826,0.15
p0000_upper_mb_k005,p0000_upper,0,upper,mb,default,v4-ksens,k005,True,0.1,2.884378166934716,0,7.0,7.5304,7.5304,Al_depleted,11.289,0,0.8281,0.2,0.05,0.35,0.4,0.15,174432,East Pilbara Terrane,Basalt,59.79362162017028,0.9464472798672031,10.68420061498786,8.34567007049733,1.0305533611540885,7.518859158468179,9.275063526606615,2.35558436824845,0.05
p0000_upper_mb_k050,p0000_upper,0,upper,mb,default,v4-ksens,k050,True,0.1,2.884378166934716,0,7.0,7.5304,7.5304,Al_depleted,11.289,0,0.8281,0.2,0.05,0.35,0.4,0.15,174432,East Pilbara Terrane,Basalt,59.52441571992939,0.9421861365361351,10.636097660743292,8.308095768028858,1.02591355112388,7.485007366359017,9.233304861404283,2.344978935875145,0.5
p0000_upper_mb_kmeas,p0000_upper,0,upper,mb,default,v4-ksens,kmeas,True,0.1,2.884378166934716,0,7.0,7.5304,7.5304,Al_depleted,11.289,0,0.8281,0.2,0.05,0.35,0.4,0.15,174432,East Pilbara Terrane,Basalt,58.09799645116411,0.9196079651477398,10.381218474374833,8.109003887043022,1.0013289694910936,7.305639646321913,9.012041640095896,2.288784799426678,2.884378166934716
p0000_lower_all-v3like_k0,p0000_lower,0,lower,all,v3like,v4a,k0,True,0.0,2.884378166934716,0,7.0,7.5304,7.5304,Al_depleted,11.289,0,0.8281,0.2,0.05,0.35,0.4,0.15,174432,East Pilbara Terrane,Basalt,49.990599981199956,0.28750057500114995,13.857627715255429,6.1536123072246145,0.0,15.113930227860454,13.368926737853474,1.2278024556049112,0.0
p0000_lower_mb_kmorb,p0000_lower,0,lower,mb,default,v4b,kmorb,True,0.1,2.884378166934716,0,7.0,7.5304,7.5304,Al_depleted,11.289,0,0.8281,0.2,0.05,0.35,0.4,0.15,174432,East Pilbara Terrane,Basalt,49.94512872792558,0.2872390656080376,13.845022871547624,5.533213505088899,0.6832611075545132,15.10018265632459,13.356766414634066,1.2266856513166908,0.0225
p0000_lower_ume_kmorb,p0000_lower,0,lower,ume,default,v4,kmorb,True,0.1,2.884378166934716,0,7.0,7.5304,7.5304,Al_depleted,11.289,0,0.8281,0.2,0.05,0.35,0.4,0.15,174432,East Pilbara Terrane,Basalt,49.94512872792558,0.2872390656080376,13.845022871547624,5.533213505088899,0.6832611075545132,15.10018265632459,13.356766414634066,1.2266856513166908,0.0225
p0000_lower_ig_kmorb,p0000_lower,0,lower,ig,default,v4,kmorb,True,0.1,2.884378166934716,0,7.0,7.5304,7.5304,Al_depleted,11.289,0,0.8281,0.2,0.05,0.35,0.4,0.15,174432,East Pilbara Terrane,Basalt,49.94512872792558,0.2872390656080376,13.845022871547624,5.533213505088899,0.6832611075545132,15.10018265632459,13.356766414634066,1.2266856513166908,0.0225
p0000_lower_ig_k005,p0000_lower,0,lower,ig,default,v4-ksens,k005,True,0.1,2.884378166934716,0,7.0,7.5304,7.5304,Al_depleted,11.289,0,0.8281,0.2,0.05,0.35,0.4,0.15,174432,East Pilbara Terrane,Basalt,49.952622183262214,0.287282161164379,13.847100092353038,5.534043673902644,0.6833636197858984,15.102448193468895,13.35877038048858,1.226869695574346,0.0075
p0000_lower_ig_k050,p0000_lower,0,lower,ig,default,v4-ksens,k050,True,0.1,2.884378166934716,0,7.0,7.5304,7.5304,Al_depleted,11.289,0,0.8281,0.2,0.05,0.35,0.4,0.15,174432,East Pilbara Terrane,Basalt,49.918901634247334,0.28708823116084276,13.837752598728677,5.530307914240786,0.6829023147446648,15.092253276319516,13.349752534143272,1.2260414964148965,0.075
p0000_lower_ig_kmeas,p0000_lower,0,lower,ig,default,v4-ksens,kmeas,True,0.1,2.884378166934716,0,7.0,7.5304,7.5304,Al_depleted,11.289,0,0.8281,0.2,0.05,0.35,0.4,0.15,174432,East Pilbara Terrane,Basalt,49.7402293212515,0.2860606701245198,13.788223799365376,5.510513550297115,0.6804580354810776,15.038234303286885,13.301970409835453,1.2216531853178623,0.4326567250402074
p0001_upper_all-v3like_k0,p0001_upper,1,upper,all,v3like,v4a,k0,False,0.0,2.3583822978666213,0,7.0,6.9706,6.9706,Al_depleted,12.134,1,0.7723,0.2,0.05,0.35,0.4,0.15,83219,MURCHISON,metabasalt,53.2541,1.1865,14.3967,12.2107,0.0,6.9706,11.8331,0.1483,0.0
p0001_upper_mb_kmorb,p0001_upper,1,upper,mb,default,v4b;v4,kmorb,False,0.1,2.3583822978666213,0,7.0,6.9706,6.9706,Al_depleted,12.134,1,0.7723,0.2,0.05,0.35,0.4,0.15,83219,MURCHISON,metabasalt,53.102016545736866,1.183111584488646,14.355585797225189,10.958245733033255,1.35316360186006,6.950693308753944,11.799306945143359,0.14787648375867354,0.15
p0001_lower_all-v3like_k0,p0001_lower,1,lower,all,v3like,v4a,k0,False,0.0,2.3583822978666213,0,7.0,6.9706,6.9706,Al_depleted,12.134,1,0.7723,0.2,0.05,0.35,0.4,0.15,83219,MURCHISON,metabasalt,48.841,0.3234,14.4129,7.4103,0.0,14.3656,13.7511,0.8957,0.0
p0001_lower_mb_kmorb,p0001_lower,1,lower,mb,default,v4b,kmorb,False,0.1,2.3583822978666213,0,7.0,6.9706,6.9706,Al_depleted,12.134,1,0.7723,0.2,0.05,0.35,0.4,0.15,83219,MURCHISON,metabasalt,48.78975169176838,0.3230606600421346,14.397776707239585,6.662272010510844,0.8226813132268495,14.350526338593966,13.736671126485456,0.8947601521327766,0.0225
p0001_lower_ume_kmorb,p0001_lower,1,lower,ume,default,v4,kmorb,False,0.1,2.3583822978666213,0,7.0,6.9706,6.9706,Al_depleted,12.134,1,0.7723,0.2,0.05,0.35,0.4,0.15,83219,MURCHISON,metabasalt,48.78975169176838,0.3230606600421346,14.397776707239585,6.662272010510844,0.8226813132268495,14.350526338593966,13.736671126485456,0.8947601521327766,0.0225
p0001_lower_ig_kmorb,p0001_lower,1,lower,ig,default,v4,kmorb,False,0.1,2.3583822978666213,0,7.0,6.9706,6.9706,Al_depleted,12.134,1,0.7723,0.2,0.05,0.35,0.4,0.15,83219,MURCHISON,metabasalt,48.78975169176838,0.3230606600421346,14.397776707239585,6.662272010510844,0.8226813132268495,14.350526338593966,13.736671126485456,0.8947601521327766,0.0225
p0002_upper_all-v3like_k0,p0002_upper,2,upper,all,v3like,v4a,k0,False,0.0,0.23557523662610702,0,7.0,6.2934,6.2934,Al_depleted,12.028,2,0.7535,0.2,0.05,0.35,0.4,0.15,210917,Kalgoorlie,basalt,54.54645454645455,1.1088011088011087,13.336313336313337,12.230912230912232,0.0,6.293406293406294,10.194710194710193,2.2894022894022896,0.0
p0002_upper_mb_kmorb,p0002_upper,2,upper,mb,default,v4b;v4,kmorb,False,0.1,0.23557523662610702,0,7.0,6.2934,6.2934,Al_depleted,12.028,2,0.7535,0.2,0.05,0.35,0.4,0.15,210917,Kalgoorlie,basalt,54.39055812696533,1.105632101315195,13.2981975043018,10.976360120110405,1.3554004315369956,6.275419432194308,10.16557321724208,2.2828590663338817,0.15
p0002_lower_all-v3like_k0,p0002_lower,2,lower,all,v3like,v4a,k0,False,0.0,0.23557523662610702,0,7.0,6.2934,6.2934,Al_depleted,12.028,2,0.7535,0.2,0.05,0.35,0.4,0.15,210917,Kalgoorlie,basalt,48.9851,0.3117,14.2536,7.6801,0.0,14.0471,13.505,1.2174,0.0
p0002_lower_mb_kmorb,p0002_lower,2,lower,mb,default,v4b,kmorb,False,0.1,0.23557523662610702,0,7.0,6.2934,6.2934,Al_depleted,12.028,2,0.7535,0.2,0.05,0.35,0.4,0.15,210917,Kalgoorlie,basalt,48.93223163659418,0.3113635901759189,14.238216454704775,6.904629958354405,0.8526085444309107,14.031939324864135,13.490424399505248,1.216086091370432,0.0225
p0002_lower_ume_kmorb,p0002_lower,2,lower,ume,default,v4,kmorb,False,0.1,0.23557523662610702,0,7.0,6.2934,6.2934,Al_depleted,12.028,2,0.7535,0.2,0.05,0.35,0.4,0.15,210917,Kalgoorlie,basalt,48.93223163659418,0.3113635901759189,14.238216454704775,6.904629958354405,0.8526085444309107,14.031939324864135,13.490424399505248,1.216086091370432,0.0225
p0002_lower_ig_kmorb,p0002_lower,2,lower,ig,default,v4,kmorb,False,0.1,0.23557523662610702,0,7.0,6.2934,6.2934,Al_depleted,12.028,2,0.7535,0.2,0.05,0.35,0.4,0.15,210917,Kalgoorlie,basalt,48.93223163659418,0.3113635901759189,14.238216454704775,6.904629958354405,0.8526085444309107,14.031939324864135,13.490424399505248,1.216086091370432,0.0225
p0003_upper_all-v3like_k0,p0003_upper,3,upper,all,v3like,v4a,k0,False,0.0,0.1901605137574939,0,7.0,6.6428,6.6428,Al_depleted,13.759,3,0.7465,0.2,0.05,0.35,0.4,0.15,182253,Kalgoorlie,metabasalt,49.38314938314938,1.1554011554011554,15.896915896915898,13.403813403813404,0.0,6.642806642806643,12.094612094612094,1.4233014233014234,0.0
p0003_upper_mb_kmorb,p0003_upper,3,upper,mb,default,v4b;v4,kmorb,False,0.1,0.1901605137574939,0,7.0,6.6428,6.6428,Al_depleted,13.759,3,0.7465,0.2,0.05,0.35,0.4,0.15,182253,Kalgoorlie,metabasalt,49.2355882565561,1.1519487166991322,15.84941453565383,12.027385483817419,1.485184824171381,6.622957361337195,12.05847234636431,1.4190484754006187,0.15
p0003_lower_all-v3like_k0,p0003_lower,3,lower,all,v3like,v4a,k0,False,0.0,0.1901605137574939,0,7.0,6.6428,6.6428,Al_depleted,13.759,3,0.7465,0.2,0.05,0.35,0.4,0.15,182253,Kalgoorlie,metabasalt,48.19094819094819,0.3187003187003187,14.638314638314638,7.955207955207955,0.0,14.019214019214019,13.79041379041379,1.087201087201087,0.0
p0003_lower_mb_kmorb,p0003_lower,3,lower,mb,default,v4b,kmorb,False,0.1,0.1901605137574939,0,7.0,6.6428,6.6428,Al_depleted,13.759,3,0.7465,0.2,0.05,0.35,0.4,0.15,182253,Kalgoorlie,metabasalt,48.13746355586945,0.3183466097386767,14.622068331778069,7.151740994081608,0.8831227040245407,14.003654820359134,13.775108525071374,1.0859944590771549,0.0225
p0003_lower_ume_kmorb,p0003_lower,3,lower,ume,default,v4,kmorb,False,0.1,0.1901605137574939,0,7.0,6.6428,6.6428,Al_depleted,13.759,3,0.7465,0.2,0.05,0.35,0.4,0.15,182253,Kalgoorlie,metabasalt,48.13746355586945,0.3183466097386767,14.622068331778069,7.151740994081608,0.8831227040245407,14.003654820359134,13.775108525071374,1.0859944590771549,0.0225
p0003_lower_ig_kmorb,p0003_lower,3,lower,ig,default,v4,kmorb,False,0.1,0.1901605137574939,0,7.0,6.6428,6.6428,Al_depleted,13.759,3,0.7465,0.2,0.05,0.35,0.4,0.15,182253,Kalgoorlie,metabasalt,48.13746355586945,0.3183466097386767,14.622068331778069,7.151740994081608,0.8831227040245407,14.003654820359134,13.775108525071374,1.0859944590771549,0.0225
p0004_upper_all-v3like_k0,p0004_upper,4,upper,all,v3like,v4a,k0,False,0.0,0.15328849762160984,0,7.0,6.2675,6.2675,Al_depleted,13.14,4,0.7593,0.2,0.05,0.35,0.4,0.15,176767,East Pilbara Terrane,Basalt,54.0912,0.9979,13.1128,11.8026,0.0,6.2675,11.0299,2.6981,0.0
p0004_upper_mb_kmorb,p0004_upper,4,upper,mb,default,v4b;v4,kmorb,False,0.1,0.15328849762160984,0,7.0,6.2675,6.2675,Al_depleted,13.14,4,0.7593,0.2,0.05,0.35,0.4,0.15,176767,East Pilbara Terrane,Basalt,53.93917377375623,0.9950953483899663,13.075945770485971,10.592485342235369,1.3079981930996183,6.249884854227993,10.998899872939662,2.690516844865185,0.15
p0004_lower_all-v3like_k0,p0004_lower,4,lower,all,v3like,v4a,k0,False,0.0,0.15328849762160984,0,7.0,6.2675,6.2675,Al_depleted,13.14,4,0.7593,0.2,0.05,0.35,0.4,0.15,176767,East Pilbara Terrane,Basalt,48.9321,0.2951,14.22,7.5337,0.0,14.1099,13.6304,1.2788,0.0
p0004_lower_mb_kmorb,p0004_lower,4,lower,mb,default,v4b,kmorb,False,0.1,0.15328849762160984,0,7.0,6.2675,6.2675,Al_depleted,13.14,4,0.7593,0.2,0.05,0.35,0.4,0.15,176767,East Pilbara Terrane,Basalt,48.88008499980243,0.29478630762713426,14.20488408830176,6.773122484559429,0.8363695285110997,14.094901125002039,13.61591083524531,1.277440630950794,0.0225
p0004_lower_ume_kmorb,p0004_lower,4,lower,ume,default,v4,kmorb,False,0.1,0.15328849762160984,0,7.0,6.2675,6.2675,Al_depleted,13.14,4,0.7593,0.2,0.05,0.35,0.4,0.15,176767,East Pilbara Terrane,Basalt,48.88008499980243,0.29478630762713426,14.20488408830176,6.773122484559429,0.8363695285110997,14.094901125002039,13.61591083524531,1.277440630950794,0.0225
p0004_lower_ig_kmorb,p0004_lower,4,lower,ig,default,v4,kmorb,False,0.1,0.15328849762160984,0,7.0,6.2675,6.2675,Al_depleted,13.14,4,0.7593,0.2,0.05,0.35,0.4,0.15,176767,East Pilbara Terrane,Basalt,48.88008499980243,0.29478630762713426,14.20488408830176,6.773122484559429,0.8363695285110997,14.094901125002039,13.61591083524531,1.277440630950794,0.0225
p0005_upper_all-v3like_k0,p0005_upper,5,upper,all,v3like,v4a,k0,False,0.0,0.0090673298294088,0,7.0,7.3497,7.3497,Al_depleted,11.657,5,0.7699,0.2,0.05,0.35,0.4,0.15,176791,East Pilbara Terrane,Basalt,54.9462,1.1755,13.702,13.0512,0.0,7.3497,8.1885,1.5869,0.0
p0005_upper_mb_kmorb,p0005_upper,5,upper,mb,default,v4b;v4,kmorb,False,0.1,0.0090673298294088,0,7.0,7.3497,7.3497,Al_depleted,11.657,5,0.7699,0.2,0.05,0.35,0.4,0.15,176791,East Pilbara Terrane,Basalt,54.78416385469068,1.172033454746441,13.66159285149786,11.711440852512188,1.4461708445891766,7.328025761250462,8.164352143080588,1.582220237632605,0.15
p0005_lower_all-v3like_k0,p0005_lower,5,lower,all,v3like,v4a,k0,False,0.0,0.0090673298294088,0,7.0,7.3497,7.3497,Al_depleted,11.657,5,0.7699,0.2,0.05,0.35,0.4,0.15,176791,East Pilbara Terrane,Basalt,49.0888,0.3217,14.3085,7.5709,0.0,14.3947,13.2036,1.1118,0.0
p0005_lower_mb_kmorb,p0005_lower,5,lower,mb,default,v4b,kmorb,False,0.1,0.0090673298294088,0,7.0,7.3497,7.3497,Al_depleted,11.657,5,0.7699,0.2,0.05,0.35,0.4,0.15,176791,East Pilbara Terrane,Basalt,49.03641547343713,0.32135670168765024,14.29323085513753,6.806538724048269,0.8404958859672964,14.379338867837175,13.189509935974693,1.1106135559102566,0.0225
p0005_lower_ume_kmorb,p0005_lower,5,lower,ume,default,v4,kmorb,False,0.1,0.0090673298294088,0,7.0,7.3497,7.3497,Al_depleted,11.657,5,0.7699,0.2,0.05,0.35,0.4,0.15,176791,East Pilbara Terrane,Basalt,49.03641547343713,0.32135670168765024,14.29323085513753,6.806538724048269,0.8404958859672964,14.379338867837175,13.189509935974693,1.1106135559102566,0.0225
p0005_lower_ig_kmorb,p0005_lower,5,lower,ig,default,v4,kmorb,False,0.1,0.0090673298294088,0,7.0,7.3497,7.3497,Al_depleted,11.657,5,0.7699,0.2,0.05,0.35,0.4,0.15,176791,East Pilbara Terrane,Basalt,49.03641547343713,0.32135670168765024,14.29323085513753,6.806538724048269,0.8404958859672964,14.379338867837175,13.189509935974693,1.1106135559102566,0.0225
p0006_upper_all-v3like_k0,p0006_upper,6,upper,all,v3like,v4a,k0,False,0.0,2.822346538179272,0,7.0,6.9241,6.9241,Al_depleted,12.577,6,0.7413,0.2,0.05,0.35,0.4,0.15,214409,MURCHISON,amphibolite,49.98374998374998,1.168001168001168,14.689914689914689,14.354214354214355,0.0,6.924106924106924,11.964511964511964,0.9155009155009155,0.0
p0006_upper_mb_kmorb,p0006_upper,6,upper,mb,default,v4b;v4,kmorb,False,0.1,2.822346538179272,0,7.0,6.9241,6.9241,Al_depleted,12.577,6,0.7413,0.2,0.05,0.35,0.4,0.15,214409,MURCHISON,amphibolite,49.82912868267672,1.1643880365272359,14.644472446730688,12.878829519287095,1.5903241964657358,6.902687674416296,11.927500567662769,0.9126688762334627,0.15
p0006_lower_all-v3like_k0,p0006_lower,6,lower,all,v3like,v4a,k0,False,0.0,2.822346538179272,0,7.0,6.9241,6.9241,Al_depleted,12.577,6,0.7413,0.2,0.05,0.35,0.4,0.15,214409,MURCHISON,amphibolite,48.2676,0.3206,14.457,8.1701,0.0,14.0029,13.7708,1.011,0.0
p0006_lower_mb_kmorb,p0006_lower,6,lower,mb,default,v4b,kmorb,False,0.1,2.822346538179272,0,7.0,6.9241,6.9241,Al_depleted,12.577,6,0.7413,0.2,0.05,0.35,0.4,0.15,214409,MURCHISON,amphibolite,48.212877640719626,0.3202365266061439,14.440609685418035,7.344753591460918,0.9069565938493365,13.987024511581948,13.755187649993406,1.0098538003705908,0.0225
p0006_lower_ume_kmorb,p0006_lower,6,lower,ume,default,v4,kmorb,False,0.1,2.822346538179272,0,7.0,6.9241,6.9241,Al_depleted,12.577,6,0.7413,0.2,0.05,0.35,0.4,0.15,214409,MURCHISON,amphibolite,48.212877640719626,0.3202365266061439,14.440609685418035,7.344753591460918,0.9069565938493365,13.987024511581948,13.755187649993406,1.0098538003705908,0.0225
p0006_lower_ig_kmorb,p0006_lower,6,lower,ig,default,v4,kmorb,False,0.1,2.822346538179272,0,7.0,6.9241,6.9241,Al_depleted,12.577,6,0.7413,0.2,0.05,0.35,0.4,0.15,214409,MURCHISON,amphibolite,48.212877640719626,0.3202365266061439,14.440609685418035,7.344753591460918,0.9069565938493365,13.987024511581948,13.755187649993406,1.0098538003705908,0.0225
p0007_upper_all-v3like_k0,p0007_upper,7,upper,all,v3like,v4a,k0,False,0.0,1.9508386996192297,0,7.0,7.2743,7.2743,Al_depleted,11.57,7,0.7788,0.2,0.05,0.35,0.4,0.15,81747,MURCHISON,metabasalt,53.6048,1.2738,14.7382,12.2763,0.0,7.2743,10.7273,0.1053,0.0
p0007_upper_mb_kmorb,p0007_upper,7,upper,mb,default,v4b;v4,kmorb,False,0.1,1.9508386996192297,0,7.0,7.2743,7.2743,Al_depleted,11.57,7,0.7788,0.2,0.05,0.35,0.4,0.15,81747,MURCHISON,metabasalt,53.45132509750075,1.2701530069918452,14.696003334626482,11.017036759114925,1.3604233292423276,7.253473087424069,10.696586867564468,0.10499851753512428,0.15
p0007_lower_all-v3like_k0,p0007_lower,7,lower,all,v3like,v4a,k0,False,0.0,1.9508386996192297,0,7.0,7.2743,7.2743,Al_depleted,11.57,7,0.7788,0.2,0.05,0.35,0.4,0.15,81747,MURCHISON,metabasalt,48.91115108884891,0.3364996635003365,14.464185535814464,7.326992673007327,0.0,14.486985513014487,13.584986415013585,0.8891991108008891,0.0
p0007_lower_mb_kmorb,p0007_lower,7,lower,mb,default,v4b,kmorb,False,0.1,1.9508386996192297,0,7.0,7.2743,7.2743,Al_depleted,11.57,7,0.7788,0.2,0.05,0.35,0.4,0.15,81747,MURCHISON,metabasalt,48.86028204905669,0.3361496939250637,14.449142356228549,6.587435146062549,0.8134401880033563,14.471918620779787,13.570857628445738,0.8882743174982665,0.0225
p0007_lower_ume_kmorb,p0007_lower,7,lower,ume,default,v4,kmorb,False,0.1,1.9508386996192297,0,7.0,7.2743,7.2743,Al_depleted,11.57,7,0.7788,0.2,0.05,0.35,0.4,0.15,81747,MURCHISON,metabasalt,48.86028204905669,0.3361496939250637,14.449142356228549,6.587435146062549,0.8134401880033563,14.471918620779787,13.570857628445738,0.8882743174982665,0.0225
p0007_lower_ig_kmorb,p0007_lower,7,lower,ig,default,v4,kmorb,False,0.1,1.9508386996192297,0,7.0,7.2743,7.2743,Al_depleted,11.57,7,0.7788,0.2,0.05,0.35,0.4,0.15,81747,MURCHISON,metabasalt,48.86028204905669,0.3361496939250637,14.449142356228549,6.587435146062549,0.8134401880033563,14.471918620779787,13.570857628445738,0.8882743174982665,0.0225
p0008_upper_all-v3like_k0,p0008_upper,8,upper,all,v3like,v4a,k0,True,0.0,1.319455255226628,0,7.0,7.4629,7.4629,Al_undepleted,16.881,0,0.7998,0.2,0.05,0.35,0.4,0.15,81314,MURCHISON,amphibolite,53.27654672345328,0.8706991293008707,14.697685302314696,11.098588901411098,0.0,7.462892537107463,12.48988751011249,0.10369989630010369,0.0
p0008_upper_mb_kmorb,p0008_upper,8,upper,mb,default,v4b;v4,kmorb,True,0.1,1.319455255226628,0,7.0,7.4629,7.4629,Al_undepleted,16.881,0,0.7998,0.2,0.05,0.35,0.4,0.15,81314,MURCHISON,amphibolite,53.1309697696999,0.8683199637078511,14.657524211081753,9.961436033406638,1.2300739544496406,7.442500352768258,12.455759176196956,0.10341653868899066,0.15
p0008_upper_mb_k005,p0008_upper,8,upper,mb,default,v4-ksens,k005,True,0.1,1.319455255226628,0,7.0,7.4629,7.4629,Al_undepleted,16.881,0,0.7998,0.2,0.05,0.35,0.4,0.15,81314,MURCHISON,amphibolite,53.184180555648524,0.8691895881081595,14.672203754608127,9.971412434040998,1.231305876286846,7.449954033642338,12.468233647079478,0.10352011058552445,0.05
p0008_upper_mb_k050,p0008_upper,8,upper,mb,default,v4-ksens,k050,True,0.1,1.319455255226628,0,7.0,7.4629,7.4629,Al_undepleted,16.881,0,0.7998,0.2,0.05,0.35,0.4,0.15,81314,MURCHISON,amphibolite,52.94473201887972,0.8652762783067721,14.606145808739454,9.926518631186386,1.2257622280194216,7.41641246970898,12.412098528108134,0.10305403705112239,0.5
p0008_upper_mb_kmeas,p0008_upper,8,upper,mb,default,v4-ksens,kmeas,True,0.1,1.319455255226628,0,7.0,7.4629,7.4629,Al_undepleted,16.881,0,0.7998,0.2,0.05,0.35,0.4,0.15,81314,MURCHISON,amphibolite,52.50869343707634,0.8581500954577126,14.485853517869325,9.844766491905675,1.2156671797841572,7.3553328900785155,12.309875820899602,0.10220531170203835,1.319455255226628
p0008_lower_all-v3like_k0,p0008_lower,8,lower,all,v3like,v4a,k0,True,0.0,1.319455255226628,0,7.0,7.4629,7.4629,Al_undepleted,16.881,0,0.7998,0.2,0.05,0.35,0.4,0.15,81314,MURCHISON,amphibolite,48.91904891904892,0.2759002759002759,14.458114458114459,6.845006845006845,0.0,14.763114763114762,13.84981384981385,0.889000889000889,0.0
p0008_lower_mb_kmorb,p0008_lower,8,lower,mb,default,v4b,kmorb,True,0.1,1.319455255226628,0,7.0,7.4629,7.4629,Al_undepleted,16.881,0,0.7998,0.2,0.05,0.35,0.4,0.15,81314,MURCHISON,amphibolite,48.87079243550392,0.2756281124502858,14.443852166065522,6.154429092968416,0.7599710429680515,14.748551601720967,13.836151619477958,0.8881239288448862,0.0225
p0008_lower_ume_kmorb,p0008_lower,8,lower,ume,default,v4,kmorb,True,0.1,1.319455255226628,0,7.0,7.4629,7.4629,Al_undepleted,16.881,0,0.7998,0.2,0.05,0.35,0.4,0.15,81314,MURCHISON,amphibolite,48.87079243550392,0.2756281124502858,14.443852166065522,6.154429092968416,0.7599710429680515,14.748551601720967,13.836151619477958,0.8881239288448862,0.0225
p0008_lower_ig_kmorb,p0008_lower,8,lower,ig,default,v4,kmorb,True,0.1,1.319455255226628,0,7.0,7.4629,7.4629,Al_undepleted,16.881,0,0.7998,0.2,0.05,0.35,0.4,0.15,81314,MURCHISON,amphibolite,48.87079243550392,0.2756281124502858,14.443852166065522,6.154429092968416,0.7599710429680515,14.748551601720967,13.836151619477958,0.8881239288448862,0.0225
p0008_lower_ig_k005,p0008_lower,8,lower,ig,default,v4-ksens,k005,True,0.1,1.319455255226628,0,7.0,7.4629,7.4629,Al_undepleted,16.881,0,0.7998,0.2,0.05,0.35,0.4,0.15,81314,MURCHISON,amphibolite,48.87812470412969,0.27566946597169567,14.44601923148015,6.155352465091088,0.7600850642792917,14.750764382336863,13.83822750929609,0.8882571774151412,0.0075
p0008_lower_ig_k050,p0008_lower,8,lower,ig,default,v4-ksens,k050,True,0.1,1.319455255226628,0,7.0,7.4629,7.4629,Al_undepleted,16.881,0,0.7998,0.2,0.05,0.35,0.4,0.15,81314,MURCHISON,amphibolite,48.84512949531373,0.27548337512535126,14.43626743711432,6.151197290539059,0.7595719683787105,14.740806869565326,13.828886005114498,0.8876575588489934,0.075
p0008_lower_ig_kmeas,p0008_lower,8,lower,ig,default,v4-ksens,kmeas,True,0.1,1.319455255226628,0,7.0,7.4629,7.4629,Al_undepleted,16.881,0,0.7998,0.2,0.05,0.35,0.4,0.15,81314,MURCHISON,amphibolite,48.78504483473255,0.2751445015209369,14.418509305689952,6.143630669154519,0.7586376147516741,14.722674122521724,13.811875016907111,0.8865656464375241,0.19791828828399421
p0009_upper_all-v3like_k0,p0009_upper,9,upper,all,v3like,v4a,k0,False,0.0,1.0587387083060733,0,7.0,7.3653,7.3653,Al_undepleted,38.323,1,0.8771,0.2,0.05,0.35,0.4,0.15,182395,SOUTHERN CROSS,amphibolite derived from volcanic rock,59.7165,0.384,14.7179,6.131800000000001,0.0,7.3653,11.634,0.0505,0.0
p0009_upper_mb_kmorb,p0009_upper,9,upper,mb,default,v4b;v4,kmorb,False,0.1,1.0587387083060733,0,7.0,7.3653,7.3653,Al_undepleted,38.323,1,0.8771,0.2,0.05,0.35,0.4,0.15,182395,SOUTHERN CROSS,amphibolite derived from volcanic rock,59.586240331736406,0.38316238037036293,14.685795828262929,5.506582228019512,0.6799725816645786,7.34923406286936,11.60862274278334,0.05038984429349826,0.15
p0009_lower_all-v3like_k0,p0009_lower,9,lower,all,v3like,v4a,k0,False,0.0,1.0587387083060733,0,7.0,7.3653,7.3653,Al_undepleted,38.323,1,0.8771,0.2,0.05,0.35,0.4,0.15,182395,SOUTHERN CROSS,amphibolite derived from volcanic rock,50.105650105650106,0.2028002028002028,14.46111446111446,4.930004930004929,0.0,15.698215698215698,13.72121372121372,0.881000881000881,0.0
p0009_lower_mb_kmorb,p0009_lower,9,lower,mb,default,v4b,kmorb,False,0.1,1.0587387083060733,0,7.0,7.3653,7.3653,Al_undepleted,38.323,1,0.8771,0.2,0.05,0.35,0.4,0.15,182395,SOUTHERN CROSS,amphibolite derived from volcanic rock,50.066891225465746,0.20264332810153862,14.449928165725641,4.433572222813248,0.5474734464152284,15.68607245169415,13.710599770940984,0.880319388843469,0.0225
p0009_lower_ume_kmorb,p0009_lower,9,lower,ume,default,v4,kmorb,False,0.1,1.0587387083060733,0,7.0,7.3653,7.3653,Al_undepleted,38.323,1,0.8771,0.2,0.05,0.35,0.4,0.15,182395,SOUTHERN CROSS,amphibolite derived from volcanic rock,50.066891225465746,0.20264332810153862,14.449928165725641,4.433572222813248,0.5474734464152284,15.68607245169415,13.710599770940984,0.880319388843469,0.0225
p0009_lower_ig_kmorb,p0009_lower,9,lower,ig,default,v4,kmorb,False,0.1,1.0587387083060733,0,7.0,7.3653,7.3653,Al_undepleted,38.323,1,0.8771,0.2,0.05,0.35,0.4,0.15,182395,SOUTHERN CROSS,amphibolite derived from volcanic rock,50.066891225465746,0.20264332810153862,14.449928165725641,4.433572222813248,0.5474734464152284,15.68607245169415,13.710599770940984,0.880319388843469,0.0225
p0010_upper_all-v3like_k0,p0010_upper,10,upper,all,v3like,v4a,k0,False,0.0,0.14284875267938346,0,7.0,7.4388,7.4388,Al_undepleted,21.493,2,0.8108,0.2,0.05,0.35,0.4,0.15,177354,Kalgoorlie,basalt,51.294748705251294,0.7458992541007459,16.03218396781603,10.315889684110315,0.0,7.438792561207438,12.353687646312354,1.8187981812018186,0.0
p0010_upper_mb_kmorb,p0010_upper,10,upper,mb,default,v4b;v4,kmorb,False,0.1,0.14284875267938346,0,7.0,7.4388,7.4388,Al_undepleted,21.493,2,0.8108,0.2,0.05,0.35,0.4,0.15,177354,Kalgoorlie,basalt,51.15904025341449,0.7439258584695108,15.989768264049994,9.259737615024886,1.1434257096147318,7.419112047168517,12.321003992190368,1.8139862600674972,0.15
p0010_lower_all-v3like_k0,p0010_lower,10,lower,all,v3like,v4a,k0,False,0.0,0.14284875267938346,0,7.0,7.4388,7.4388,Al_undepleted,21.493,2,0.8108,0.2,0.05,0.35,0.4,0.15,177354,Kalgoorlie,basalt,48.65145134854865,0.25719974280025715,14.658585341414657,6.566293433706566,0.0,14.89048510951489,13.829286170713829,1.1466988533011466,0.0
p0010_lower_mb_kmorb,p0010_lower,10,lower,mb,default,v4b,kmorb,False,0.1,0.14284875267938346,0,7.0,7.4388,7.4388,Al_undepleted,21.493,2,0.8108,0.2,0.05,0.35,0.4,0.15,177354,Kalgoorlie,basalt,48.60496616388127,0.2569539951974813,14.644579447907464,5.904017561425738,0.7290493262786601,14.876257641866625,13.816072650795212,1.1456032126475577,0.0225
p0010_lower_ume_kmorb,p0010_lower,10,lower,ume,default,v4,kmorb,False,0.1,0.14284875267938346,0,7.0,7.4388,7.4388,Al_undepleted,21.493,2,0.8108,0.2,0.05,0.35,0.4,0.15,177354,Kalgoorlie,basalt,48.60496616388127,0.2569539951974813,14.644579447907464,5.904017561425738,0.7290493262786601,14.876257641866625,13.816072650795212,1.1456032126475577,0.0225
p0010_lower_ig_kmorb,p0010_lower,10,lower,ig,default,v4,kmorb,False,0.1,0.14284875267938346,0,7.0,7.4388,7.4388,Al_undepleted,21.493,2,0.8108,0.2,0.05,0.35,0.4,0.15,177354,Kalgoorlie,basalt,48.60496616388127,0.2569539951974813,14.644579447907464,5.904017561425738,0.7290493262786601,14.876257641866625,13.816072650795212,1.1456032126475577,0.0225
p0011_upper_all-v3like_k0,p0011_upper,11,upper,all,v3like,v4a,k0,False,0.0,1.925172121712223,0,7.0,6.8441,6.8441,Al_undepleted,25.875,3,0.8249,0.2,0.05,0.35,0.4,0.15,81609,MURCHISON,komatiite,56.4221,0.5878,15.2103,8.633,0.0,6.8441,12.1557,0.147,0.0
p0011_upper_mb_kmorb,p0011_upper,11,upper,mb,default,v4b;v4,kmorb,False,0.1,1.925172121712223,0,7.0,6.8441,6.8441,Al_undepleted,25.875,3,0.8249,0.2,0.05,0.35,0.4,0.15,81609,MURCHISON,komatiite,56.283361370493125,0.5863546343290281,15.172898765795876,7.7505947641140684,0.9570713217309166,6.827270760141717,12.125809847760067,0.14663853563519416,0.15
p0011_lower_all-v3like_k0,p0011_lower,11,lower,all,v3like,v4a,k0,False,0.0,1.925172121712223,0,7.0,6.8441,6.8441,Al_undepleted,25.875,3,0.8249,0.2,0.05,0.35,0.4,0.15,81609,MURCHISON,komatiite,49.46105053894946,0.2334997665002335,14.535085464914534,6.103693896306103,0.0,14.971585028414971,13.799586200413799,0.8954991045008954,0.0
p0011_lower_mb_kmorb,p0011_lower,11,lower,mb,default,v4b,kmorb,False,0.1,1.925172121712223,0,7.0,6.8441,6.8441,Al_undepleted,25.875,3,0.8249,0.2,0.05,0.35,0.4,0.15,81609,MURCHISON,komatiite,49.41633545603838,0.23328867188527877,14.521945073746105,5.488358286627659,0.6777222238267773,14.958050021403167,13.78711073468134,0.894689531791294,0.0225
p0011_lower_ume_kmorb,p0011_lower,11,lower,ume,default,v4,kmorb,False,0.1,1.925172121712223,0,7.0,6.8441,6.8441,Al_undepleted,25.875,3,0.8249,0.2,0.05,0.35,0.4,0.15,81609,MURCHISON,komatiite,49.41633545603838,0.23328867188527877,14.521945073746105,5.488358286627659,0.6777222238267773,14.958050021403167,13.78711073468134,0.894689531791294,0.0225
p0011_lower_ig_kmorb,p0011_lower,11,lower,ig,default,v4,kmorb,False,0.1,1.925172121712223,0,7.0,6.8441,6.8441,Al_undepleted,25.875,3,0.8249,0.2,0.05,0.35,0.4,0.15,81609,MURCHISON,komatiite,49.41633545603838,0.23328867188527877,14.521945073746105,5.488358286627659,0.6777222238267773,14.958050021403167,13.78711073468134,0.894689531791294,0.0225
p0012_upper_all-v3like_k0,p0012_upper,12,upper,all,v3like,v4a,k0,False,0.0,0.14584906680141455,0,7.0,7.7622,7.7622,Al_undepleted,19.293,4,0.8066,0.2,0.05,0.35,0.4,0.15,211015,Kalgoorlie,basalt,51.10079779840441,0.78249843500313,15.096569806860387,11.058577882844235,0.0,7.762184475631049,12.94737410525179,1.251997496005008,0.0
p0012_upper_mb_kmorb,p0012_upper,12,upper,mb,default,v4b;v4,kmorb,False,0.1,0.14584906680141455,0,7.0,7.7622,7.7622,Al_undepleted,19.293,4,0.8066,0.2,0.05,0.35,0.4,0.15,211015,Kalgoorlie,basalt,50.96139279832408,0.7803637482840535,15.055385766575135,9.925568679995697,1.225644924629253,7.741008928984639,12.912053155952657,1.2485819972544856,0.15
p0012_lower_all-v3like_k0,p0012_lower,12,lower,all,v3like,v4a,k0,False,0.0,0.14584906680141455,0,7.0,7.7622,7.7622,Al_undepleted,19.293,4,0.8066,0.2,0.05,0.35,0.4,0.15,211015,Kalgoorlie,basalt,48.610848610848606,0.2627002627002627,14.51801451801452,6.739406739406738,0.0,14.889014889014888,13.918513918513918,1.0615010615010616,0.0
p0012_lower_mb_kmorb,p0012_lower,12,lower,mb,default,v4b,kmorb,False,0.1,0.14584906680141455,0,7.0,7.7622,7.7622,Al_undepleted,19.293,4,0.8066,0.2,0.05,0.35,0.4,0.15,211015,Kalgoorlie,basalt,48.56346676757029,0.2624442041653442,14.50386355566223,6.059553949740117,0.7482555189995761,14.874502306120327,13.904947299868077,1.06046639787405,0.0225
p0012_lower_ume_kmorb,p0012_lower,12,lower,ume,default,v4,kmorb,False,0.1,0.14584906680141455,0,7.0,7.7622,7.7622,Al_undepleted,19.293,4,0.8066,0.2,0.05,0.35,0.4,0.15,211015,Kalgoorlie,basalt,48.56346676757029,0.2624442041653442,14.50386355566223,6.059553949740117,0.7482555189995761,14.874502306120327,13.904947299868077,1.06046639787405,0.0225
p0012_lower_ig_kmorb,p0012_lower,12,lower,ig,default,v4,kmorb,False,0.1,0.14584906680141455,0,7.0,7.7622,7.7622,Al_undepleted,19.293,4,0.8066,0.2,0.05,0.35,0.4,0.15,211015,Kalgoorlie,basalt,48.56346676757029,0.2624442041653442,14.50386355566223,6.059553949740117,0.7482555189995761,14.874502306120327,13.904947299868077,1.06046639787405,0.0225
p0013_upper_all-v3like_k0,p0013_upper,13,upper,all,v3like,v4a,k0,False,0.0,1.823133850490829,0,7.0,7.9945,7.9945,Al_undepleted,18.581,5,0.8059,0.2,0.05,0.35,0.4,0.15,81667,MURCHISON,metabasalt,53.4015465984534,0.7763992236007763,14.425785574214427,11.441488558511441,0.0,7.994492005507994,11.729488270511728,0.2307997692002308,0.0
p0013_upper_mb_kmorb,p0013_upper,13,upper,mb,default,v4b;v4,kmorb,False,0.1,1.823133850490829,0,7.0,7.9945,7.9945,Al_undepleted,18.581,5,0.8059,0.2,0.05,0.35,0.4,0.15,81667,MURCHISON,metabasalt,53.25359722957162,0.7742482039684092,14.385818831539773,10.268810848962003,1.2680297023559102,7.972343207915312,11.696991638907079,0.23016033677989292,0.15
p0013_lower_all-v3like_k0,p0013_lower,13,lower,all,v3like,v4a,k0,False,0.0,1.823133850490829,0,7.0,7.9945,7.9945,Al_undepleted,18.581,5,0.8059,0.2,0.05,0.35,0.4,0.15,81667,MURCHISON,metabasalt,48.9545,0.2618,14.4173,6.8074,0.0,14.9154,13.7355,0.9081,0.0
p0013_lower_mb_kmorb,p0013_lower,13,lower,mb,default,v4b,kmorb,False,0.1,1.823133850490829,0,7.0,7.9945,7.9945,Al_undepleted,18.581,5,0.8059,0.2,0.05,0.35,0.4,0.15,81667,MURCHISON,metabasalt,48.906413190603544,0.2615428402557478,14.403138238423196,6.120641931555691,0.7557988827384219,14.90074896696173,13.72200795390689,0.9072079955547923,0.0225
p0013_lower_ume_kmorb,p0013_lower,13,lower,ume,default,v4,kmorb,False,0.1,1.823133850490829,0,7.0,7.9945,7.9945,Al_undepleted,18.581,5,0.8059,0.2,0.05,0.35,0.4,0.15,81667,MURCHISON,metabasalt,48.906413190603544,0.2615428402557478,14.403138238423196,6.120641931555691,0.7557988827384219,14.90074896696173,13.72200795390689,0.9072079955547923,0.0225
p0013_lower_ig_kmorb,p0013_lower,13,lower,ig,default,v4,kmorb,False,0.1,1.823133850490829,0,7.0,7.9945,7.9945,Al_undepleted,18.581,5,0.8059,0.2,0.05,0.35,0.4,0.15,81667,MURCHISON,metabasalt,48.906413190603544,0.2615428402557478,14.403138238423196,6.120641931555691,0.7557988827384219,14.90074896696173,13.72200795390689,0.9072079955547923,0.0225
p0014_upper_all-v3like_k0,p0014_upper,14,upper,all,v3like,v4a,k0,False,0.0,0.07759501076169288,0,7.0,7.8565,7.8565,Al_undepleted,19.528,6,0.8115,0.2,0.05,0.35,0.4,0.15,100131,Kalgoorlie,basalt,49.3059506940493,0.753099246900753,14.705485294514705,10.841489158510841,0.0,7.856492143507856,15.51058448941551,1.0268989731010267,0.0
p0014_upper_mb_kmorb,p0014_upper,14,upper,mb,default,v4b;v4,kmorb,False,0.1,0.07759501076169288,0,7.0,7.8565,7.8565,Al_undepleted,19.528,6,0.8115,0.2,0.05,0.35,0.4,0.15,100131,Kalgoorlie,basalt,49.172629312956516,0.7510628957041243,14.665722231811182,9.730956772538358,1.2016135462430215,7.835248493028088,15.468644469669886,1.0241222780488186,0.15
p0014_lower_all-v3like_k0,p0014_lower,14,lower,all,v3like,v4a,k0,False,0.0,0.07759501076169288,0,7.0,7.8565,7.8565,Al_undepleted,19.528,6,0.8115,0.2,0.05,0.35,0.4,0.15,100131,Kalgoorlie,basalt,48.35475164524835,0.25829974170025827,14.45928554071446,6.634093365906634,0.0,14.962285037714963,14.303585696414302,1.0276989723010277,0.0
p0014_lower_mb_kmorb,p0014_lower,14,lower,mb,default,v4b,kmorb,False,0.1,0.07759501076169288,0,7.0,7.8565,7.8565,Al_undepleted,19.528,6,0.8115,0.2,0.05,0.35,0.4,0.15,100131,Kalgoorlie,basalt,48.30818550432279,0.2580509962975046,14.445361094713547,5.964934196993992,0.7365715315665243,14.947876197840317,14.289811191022018,1.0267092872433046,0.0225
p0014_lower_ume_kmorb,p0014_lower,14,lower,ume,default,v4,kmorb,False,0.1,0.07759501076169288,0,7.0,7.8565,7.8565,Al_undepleted,19.528,6,0.8115,0.2,0.05,0.35,0.4,0.15,100131,Kalgoorlie,basalt,48.30818550432279,0.2580509962975046,14.445361094713547,5.964934196993992,0.7365715315665243,14.947876197840317,14.289811191022018,1.0267092872433046,0.0225
p0014_lower_ig_kmorb,p0014_lower,14,lower,ig,default,v4,kmorb,False,0.1,0.07759501076169288,0,7.0,7.8565,7.8565,Al_undepleted,19.528,6,0.8115,0.2,0.05,0.35,0.4,0.15,100131,Kalgoorlie,basalt,48.30818550432279,0.2580509962975046,14.445361094713547,5.964934196993992,0.7365715315665243,14.947876197840317,14.289811191022018,1.0267092872433046,0.0225
p0015_upper_all-v3like_k0,p0015_upper,15,upper,all,v3like,v4a,k0,False,0.0,0.017712309451600065,0,7.0,7.4363,7.4363,Al_undepleted,18.054,7,0.8004,0.2,0.05,0.35,0.4,0.15,179890,East Pilbara Terrane,Basalt,55.106555106555106,0.7899007899007899,14.26091426091426,11.01951101951102,0.0,7.436307436307437,10.07901007901008,1.307801307801308,0.0
p0015_upper_mb_kmorb,p0015_upper,15,upper,mb,default,v4b;v4,kmorb,False,0.1,0.017712309451600065,0,7.0,7.4363,7.4363,Al_undepleted,18.054,7,0.8004,0.2,0.05,0.35,0.4,0.15,179890,East Pilbara Terrane,Basalt,54.956461018810344,0.7877493319074573,14.22207171464623,9.890547394174963,1.2213203702783588,7.4160531166773325,10.051557812755112,1.304239240750187,0.15
p0015_lower_all-v3like_k0,p0015_lower,15,lower,all,v3like,v4a,k0,False,0.0,0.017712309451600065,0,7.0,7.4363,7.4363,Al_undepleted,18.054,7,0.8004,0.2,0.05,0.35,0.4,0.15,179890,East Pilbara Terrane,Basalt,49.1955,0.2638,14.3925,6.8247,0.0,14.766,13.4876,1.0699,0.0
p0015_lower_mb_kmorb,p0015_lower,15,lower,mb,default,v4b,kmorb,False,0.1,0.017712309451600065,0,7.0,7.4363,7.4363,Al_undepleted,18.054,7,0.8004,0.2,0.05,0.35,0.4,0.15,179890,East Pilbara Terrane,Basalt,49.147081857157815,0.2635403684060174,14.378334921469317,6.136184825756227,0.7577181752248392,14.751467323287542,13.474325522793787,1.0688470059044657,0.0225
p0015_lower_ume_kmorb,p0015_lower,15,lower,ume,default,v4,kmorb,False,0.1,0.017712309451600065,0,7.0,7.4363,7.4363,Al_undepleted,18.054,7,0.8004,0.2,0.05,0.35,0.4,0.15,179890,East Pilbara Terrane,Basalt,49.147081857157815,0.2635403684060174,14.378334921469317,6.136184825756227,0.7577181752248392,14.751467323287542,13.474325522793787,1.0688470059044657,0.0225
p0015_lower_ig_kmorb,p0015_lower,15,lower,ig,default,v4,kmorb,False,0.1,0.017712309451600065,0,7.0,7.4363,7.4363,Al_undepleted,18.054,7,0.8004,0.2,0.05,0.35,0.4,0.15,179890,East Pilbara Terrane,Basalt,49.147081857157815,0.2635403684060174,14.378334921469317,6.136184825756227,0.7577181752248392,14.751467323287542,13.474325522793787,1.0688470059044657,0.0225
p0016_upper_all-v3like_k0,p0016_upper,16,upper,all,v3like,v4a,k0,False,0.0,4.953021697624938,1,9.0,9.5938,9.5938,Al_depleted,11.962,0,0.8189,0.2598,0.0699,0.35,0.3203,0.15,165366,SOUTHERN CROSS,basalt,54.2966,1.3484,16.1293,12.6031,0.0,9.5938,5.958,0.0708,0.0
p0016_upper_mb_kmorb,p0016_upper,16,upper,mb,default,v4b;v4,kmorb,False,0.1,4.953021697624938,1,9.0,9.5938,9.5938,Al_depleted,11.962,0,0.8189,0.2598,0.0699,0.35,0.3203,0.15,165366,SOUTHERN CROSS,basalt,54.13917698503312,1.3444905619618661,16.082536058329524,11.309903664576858,1.3965875882227459,9.56598453971355,5.9407258737531885,0.07059472840915168,0.15
p0016_lower_all-v3like_k0,p0016_lower,16,lower,all,v3like,v4a,k0,False,0.0,4.953021697624938,1,9.0,9.5938,9.5938,Al_depleted,11.962,0,0.8189,0.2598,0.0699,0.35,0.3203,0.15,165366,SOUTHERN CROSS,basalt,48.8332,0.348,12.4743,7.75,0.0,18.0772,11.789,0.7283,0.0
p0016_lower_mb_kmorb,p0016_lower,16,lower,mb,default,v4b,kmorb,False,0.1,4.953021697624938,1,9.0,9.5938,9.5938,Al_depleted,11.962,0,0.8189,0.2598,0.0699,0.35,0.3203,0.15,165366,SOUTHERN CROSS,basalt,48.78011622125164,0.3476217091035519,12.460739901926544,6.967417876428949,0.8603618224139851,18.05754930978945,11.776184852361418,0.7275083067244736,0.0225
p0016_lower_ume_kmorb,p0016_lower,16,lower,ume,default,v4,kmorb,False,0.1,4.953021697624938,1,9.0,9.5938,9.5938,Al_depleted,11.962,0,0.8189,0.2598,0.0699,0.35,0.3203,0.15,165366,SOUTHERN CROSS,basalt,48.78011622125164,0.3476217091035519,12.460739901926544,6.967417876428949,0.8603618224139851,18.05754930978945,11.776184852361418,0.7275083067244736,0.0225
p0016_lower_ig_kmorb,p0016_lower,16,lower,ig,default,v4,kmorb,False,0.1,4.953021697624938,1,9.0,9.5938,9.5938,Al_depleted,11.962,0,0.8189,0.2598,0.0699,0.35,0.3203,0.15,165366,SOUTHERN CROSS,basalt,48.78011622125164,0.3476217091035519,12.460739901926544,6.967417876428949,0.8603618224139851,18.05754930978945,11.776184852361418,0.7275083067244736,0.0225
p0017_upper_all-v3like_k0,p0017_upper,17,upper,all,v3like,v4a,k0,False,0.0,1.9759909280609833,1,9.0,9.3337,9.3337,Al_depleted,10.587,1,0.8209,0.25,0.0667,0.35,0.3333,0.15,81602,MURCHISON,metabasalt,56.42204357795642,0.9658990341009658,10.226089773910227,12.101687898312099,0.0,9.333690666309334,10.814089185910813,0.13649986350013651,0.0
p0017_upper_mb_kmorb,p0017_upper,17,upper,mb,default,v4b;v4,kmorb,False,0.1,1.9759909280609833,1,9.0,9.3337,9.3337,Al_depleted,10.587,1,0.8209,0.25,0.0667,0.35,0.3333,0.15,81602,MURCHISON,metabasalt,56.26159510535979,0.9631522880620718,10.197009641734706,10.860546681847701,1.341099371578927,9.307148266989294,10.783336948267989,0.13611169615951219,0.15
p0017_lower_all-v3like_k0,p0017_lower,17,lower,all,v3like,v4a,k0,False,0.0,1.9759909280609833,1,9.0,9.3337,9.3337,Al_depleted,10.587,1,0.8209,0.25,0.0667,0.35,0.3333,0.15,81602,MURCHISON,metabasalt,49.2069,0.2905,11.9463,7.481799999999999,0.0,17.6163,12.6946,0.7636,0.0
p0017_lower_mb_kmorb,p0017_lower,17,lower,mb,default,v4b,kmorb,False,0.1,1.9759909280609833,1,9.0,9.3337,9.3337,Al_depleted,10.587,1,0.8209,0.25,0.0667,0.35,0.3333,0.15,81602,MURCHISON,metabasalt,49.15487672357923,0.29019287311738323,11.933669948785528,6.726500978590961,0.8306125372483231,17.59767542408867,12.681178819538497,0.7627926950514075,0.0225
p0017_lower_ume_kmorb,p0017_lower,17,lower,ume,default,v4,kmorb,False,0.1,1.9759909280609833,1,9.0,9.3337,9.3337,Al_depleted,10.587,1,0.8209,0.25,0.0667,0.35,0.3333,0.15,81602,MURCHISON,metabasalt,49.15487672357923,0.29019287311738323,11.933669948785528,6.726500978590961,0.8306125372483231,17.59767542408867,12.681178819538497,0.7627926950514075,0.0225
p0017_lower_ig_kmorb,p0017_lower,17,lower,ig,default,v4,kmorb,False,0.1,1.9759909280609833,1,9.0,9.3337,9.3337,Al_depleted,10.587,1,0.8209,0.25,0.0667,0.35,0.3333,0.15,81602,MURCHISON,metabasalt,49.15487672357923,0.29019287311738323,11.933669948785528,6.726500978590961,0.8306125372483231,17.59767542408867,12.681178819538497,0.7627926950514075,0.0225
p0018_upper_all-v3like_k0,p0018_upper,18,upper,all,v3like,v4a,k0,False,0.0,3.2762655946121213,1,9.0,9.4907,9.4907,Al_depleted,12.716,2,0.8382,0.2559,0.0686,0.35,0.3255,0.15,83535,MURCHISON,metabasalt,55.910688178623644,1.0118979762040476,12.867274265451469,10.88787822424355,0.0,9.490681018637963,9.756980486039028,0.07459985080029839,0.0
p0018_upper_mb_kmorb,p0018_upper,18,upper,mb,default,v4b;v4,kmorb,False,0.1,3.2762655946121213,1,9.0,9.4907,9.4907,Al_depleted,12.716,2,0.8382,0.2559,0.0686,0.35,0.3255,0.15,83535,MURCHISON,metabasalt,55.75922016439159,1.0091566367204163,12.832415447843278,9.772543621359222,1.2067488399306612,9.46496975207279,9.730547785829728,0.07439775185230067,0.15
p0018_lower_all-v3like_k0,p0018_lower,18,lower,all,v3like,v4a,k0,False,0.0,3.2762655946121213,1,9.0,9.4907,9.4907,Al_depleted,12.716,2,0.8382,0.2559,0.0686,0.35,0.3255,0.15,83535,MURCHISON,metabasalt,49.1637,0.2975,12.1265,7.0612,0.0,18.1826,12.4295,0.739,0.0
p0018_lower_mb_kmorb,p0018_lower,18,lower,mb,default,v4b,kmorb,False,0.1,3.2762655946121213,1,9.0,9.4907,9.4907,Al_depleted,12.716,2,0.8382,0.2559,0.0686,0.35,0.3255,0.15,83535,MURCHISON,metabasalt,49.11402072713939,0.2971993801590191,12.114246331086875,6.348658275162957,0.7839551610621022,18.164226721611367,12.416940153568163,0.7382532502101349,0.0225
p0018_lower_ume_kmorb,p0018_lower,18,lower,ume,default,v4,kmorb,False,0.1,3.2762655946121213,1,9.0,9.4907,9.4907,Al_depleted,12.716,2,0.8382,0.2559,0.0686,0.35,0.3255,0.15,83535,MURCHISON,metabasalt,49.11402072713939,0.2971993801590191,12.114246331086875,6.348658275162957,0.7839551610621022,18.164226721611367,12.416940153568163,0.7382532502101349,0.0225
p0018_lower_ig_kmorb,p0018_lower,18,lower,ig,default,v4,kmorb,False,0.1,3.2762655946121213,1,9.0,9.4907,9.4907,Al_depleted,12.716,2,0.8382,0.2559,0.0686,0.35,0.3255,0.15,83535,MURCHISON,metabasalt,49.11402072713939,0.2971993801590191,12.114246331086875,6.348658275162957,0.7839551610621022,18.164226721611367,12.416940153568163,0.7382532502101349,0.0225
p0019_upper_all-v3like_k0,p0019_upper,19,upper,all,v3like,v4a,k0,False,0.0,4.124602988780831,1,9.0,8.5391,8.5391,Al_depleted,12.225,3,0.8182,0.2202,0.0567,0.35,0.373,0.15,81583,MURCHISON,komatiite,56.78264321735678,1.105298894701105,13.512986487013512,11.27168872831127,0.0,8.539091460908539,8.506591493408507,0.2816997183002817,0.0
p0019_upper_mb_kmorb,p0019_upper,19,upper,mb,default,v4b;v4,kmorb,False,0.1,4.124602988780831,1,9.0,8.5391,8.5391,Al_depleted,12.225,3,0.8182,0.2202,0.0567,0.35,0.373,0.15,81583,MURCHISON,komatiite,56.626395803691,1.102257470705332,13.475803131856647,10.11660542775207,1.2492348294351283,8.515594651316295,8.483184113183732,0.2809245720597956,0.15
p0019_lower_all-v3like_k0,p0019_lower,19,lower,all,v3like,v4a,k0,False,0.0,4.124602988780831,1,9.0,8.5391,8.5391,Al_depleted,12.225,3,0.8182,0.2202,0.0567,0.35,0.373,0.15,81583,MURCHISON,komatiite,49.397650602349394,0.31129968870031133,13.536386463613535,6.925593074406925,0.0,16.079783920216077,12.886187113812886,0.863099136900863,0.0
p0019_lower_mb_kmorb,p0019_lower,19,lower,mb,default,v4b,kmorb,False,0.1,4.124602988780831,1,9.0,8.5391,8.5391,Al_depleted,12.225,3,0.8182,0.2202,0.0567,0.35,0.373,0.15,81583,MURCHISON,komatiite,49.34847950962604,0.3109898167596181,13.522912160568243,6.2268293204477025,0.7689112834935979,16.06377788477773,12.87336002803659,0.8622399962904798,0.0225
p0019_lower_ume_kmorb,p0019_lower,19,lower,ume,default,v4,kmorb,False,0.1,4.124602988780831,1,9.0,8.5391,8.5391,Al_depleted,12.225,3,0.8182,0.2202,0.0567,0.35,0.373,0.15,81583,MURCHISON,komatiite,49.34847950962604,0.3109898167596181,13.522912160568243,6.2268293204477025,0.7689112834935979,16.06377788477773,12.87336002803659,0.8622399962904798,0.0225
p0019_lower_ig_kmorb,p0019_lower,19,lower,ig,default,v4,kmorb,False,0.1,4.124602988780831,1,9.0,8.5391,8.5391,Al_depleted,12.225,3,0.8182,0.2202,0.0567,0.35,0.373,0.15,81583,MURCHISON,komatiite,49.34847950962604,0.3109898167596181,13.522912160568243,6.2268293204477025,0.7689112834935979,16.06377788477773,12.87336002803659,0.8622399962904798,0.0225
p0020_upper_all-v3like_k0,p0020_upper,20,upper,all,v3like,v4a,k0,False,0.0,1.7610930277118844,1,9.0,9.5991,9.5991,Al_depleted,10.584,4,0.8362,0.26,0.07,0.35,0.32,0.15,83449,MURCHISON,metabasalt,53.46714653285346,1.0526989473010526,11.141588858411142,11.169388830611169,0.0,9.5990904009096,13.497086502913495,0.07299992700007299,0.0
p0020_upper_mb_kmorb,p0020_upper,20,upper,mb,default,v4b;v4,kmorb,False,0.1,1.7610930277118844,1,9.0,9.5991,9.5991,Al_depleted,10.584,4,0.8362,0.26,0.07,0.35,0.32,0.15,83449,MURCHISON,metabasalt,53.320628922332475,1.0498142050928307,11.11105723136913,10.024902920231288,1.2379110739363481,9.572785728228927,13.460100035678204,0.07279988313078431,0.15
p0020_lower_all-v3like_k0,p0020_lower,20,lower,all,v3like,v4a,k0,False,0.0,1.7610930277118844,1,9.0,9.5991,9.5991,Al_depleted,10.584,4,0.8362,0.26,0.07,0.35,0.32,0.15,83449,MURCHISON,metabasalt,48.7708,0.3036,11.7177,7.200899999999999,0.0,18.361,12.9179,0.7281,0.0
p0020_lower_mb_kmorb,p0020_lower,20,lower,mb,default,v4b,kmorb,False,0.1,1.7610930277118844,1,9.0,9.5991,9.5991,Al_depleted,10.584,4,0.8362,0.26,0.07,0.35,0.32,0.15,83449,MURCHISON,metabasalt,48.7207604462989,0.3032885019621647,11.705677468517978,6.474160594207566,0.7994526388717359,18.342161345610368,12.904646045774204,0.7273529587570888,0.0225
p0020_lower_ume_kmorb,p0020_lower,20,lower,ume,default,v4,kmorb,False,0.1,1.7610930277118844,1,9.0,9.5991,9.5991,Al_depleted,10.584,4,0.8362,0.26,0.07,0.35,0.32,0.15,83449,MURCHISON,metabasalt,48.7207604462989,0.3032885019621647,11.705677468517978,6.474160594207566,0.7994526388717359,18.342161345610368,12.904646045774204,0.7273529587570888,0.0225
p0020_lower_ig_kmorb,p0020_lower,20,lower,ig,default,v4,kmorb,False,0.1,1.7610930277118844,1,9.0,9.5991,9.5991,Al_depleted,10.584,4,0.8362,0.26,0.07,0.35,0.32,0.15,83449,MURCHISON,metabasalt,48.7207604462989,0.3032885019621647,11.705677468517978,6.474160594207566,0.7994526388717359,18.342161345610368,12.904646045774204,0.7273529587570888,0.0225
p0021_upper_all-v3like_k0,p0021_upper,21,upper,all,v3like,v4a,k0,False,0.0,0.21618801911776678,1,9.0,8.1837,8.1837,Al_depleted,10.303,5,0.7856,0.2069,0.0523,0.35,0.3908,0.15,180219,East Pilbara Terrane,Basalt,54.013145986854006,1.0863989136010863,11.193188806811191,13.266586733413266,0.0,8.183691816308183,8.455791544208456,3.801196198803801,0.0
p0021_upper_mb_kmorb,p0021_upper,21,upper,mb,default,v4b;v4,kmorb,False,0.1,0.21618801911776678,1,9.0,8.1837,8.1837,Al_depleted,10.303,5,0.7856,0.2069,0.0523,0.35,0.3908,0.15,180219,East Pilbara Terrane,Basalt,53.85257169816702,1.0831691862894377,11.159912864483553,11.904432155876943,1.4700021049524565,8.159362729967665,8.430653539604407,3.789895720658515,0.15
p0021_lower_all-v3like_k0,p0021_lower,21,lower,all,v3like,v4a,k0,False,0.0,0.21618801911776678,1,9.0,8.1837,8.1837,Al_depleted,10.303,5,0.7856,0.2069,0.0523,0.35,0.3908,0.15,180219,East Pilbara Terrane,Basalt,48.95424895424895,0.3084003084003084,13.678213678213679,7.5045075045075045,0.0,15.00881500881501,13.11931311931312,1.4265014265014266,0.0
p0021_lower_mb_kmorb,p0021_lower,21,lower,mb,default,v4b,kmorb,False,0.1,0.21618801911776678,1,9.0,8.1837,8.1837,Al_depleted,10.303,5,0.7856,0.2069,0.0523,0.35,0.3908,0.15,180219,East Pilbara Terrane,Basalt,48.90236924105673,0.3080734783520494,13.663718066131652,6.746899080621463,0.8331313682626247,14.992909279799736,13.105409807211549,1.4249896785641973,0.0225
p0021_lower_ume_kmorb,p0021_lower,21,lower,ume,default,v4,kmorb,False,0.1,0.21618801911776678,1,9.0,8.1837,8.1837,Al_depleted,10.303,5,0.7856,0.2069,0.0523,0.35,0.3908,0.15,180219,East Pilbara Terrane,Basalt,48.90236924105673,0.3080734783520494,13.663718066131652,6.746899080621463,0.8331313682626247,14.992909279799736,13.105409807211549,1.4249896785641973,0.0225
p0021_lower_ig_kmorb,p0021_lower,21,lower,ig,default,v4,kmorb,False,0.1,0.21618801911776678,1,9.0,8.1837,8.1837,Al_depleted,10.303,5,0.7856,0.2069,0.0523,0.35,0.3908,0.15,180219,East Pilbara Terrane,Basalt,48.90236924105673,0.3080734783520494,13.663718066131652,6.746899080621463,0.8331313682626247,14.992909279799736,13.105409807211549,1.4249896785641973,0.0225
p0022_upper_all-v3like_k0,p0022_upper,22,upper,all,v3like,v4a,k0,False,0.0,1.5967824360030718,1,9.0,8.5427,8.5427,Al_depleted,7.888,6,0.7941,0.2204,0.0568,0.35,0.3729,0.15,81440,MURCHISON,komatiite,51.507451507451506,1.6855016855016856,13.295613295613297,13.15971315971316,0.0,8.542708542708542,11.620611620611621,0.1884001884001884,0.0
p0022_upper_mb_kmorb,p0022_upper,22,upper,mb,default,v4b;v4,kmorb,False,0.1,1.5967824360030718,1,9.0,8.5427,8.5427,Al_depleted,7.888,6,0.7941,0.2204,0.0568,0.35,0.3729,0.15,81440,MURCHISON,komatiite,51.35493658765608,1.6805108706417782,13.256244634651337,11.808672212367933,1.458177322662536,8.517413357835371,11.586202683702075,0.18784233048288995,0.15
p0022_lower_all-v3like_k0,p0022_lower,22,lower,all,v3like,v4a,k0,False,0.0,1.5967824360030718,1,9.0,8.5427,8.5427,Al_depleted,7.888,6,0.7941,0.2204,0.0568,0.35,0.3729,0.15,81440,MURCHISON,komatiite,48.531202937594124,0.398499203001594,13.498673002653995,7.602384795230409,0.0,15.768968462063075,13.351573296853406,0.8486983026033947,0.0
p0022_lower_mb_kmorb,p0022_lower,22,lower,mb,default,v4b,kmorb,False,0.1,1.5967824360030718,1,9.0,8.5427,8.5427,Al_depleted,7.888,6,0.7941,0.2204,0.0568,0.35,0.3729,0.15,81440,MURCHISON,komatiite,48.479243623535496,0.3980725549074287,13.484220820398765,6.834820858934535,0.8439882657188864,15.75208561690149,13.3372786050239,0.8477896545795099,0.0225
p0022_lower_ume_kmorb,p0022_lower,22,lower,ume,default,v4,kmorb,False,0.1,1.5967824360030718,1,9.0,8.5427,8.5427,Al_depleted,7.888,6,0.7941,0.2204,0.0568,0.35,0.3729,0.15,81440,MURCHISON,komatiite,48.479243623535496,0.3980725549074287,13.484220820398765,6.834820858934535,0.8439882657188864,15.75208561690149,13.3372786050239,0.8477896545795099,0.0225
p0022_lower_ig_kmorb,p0022_lower,22,lower,ig,default,v4,kmorb,False,0.1,1.5967824360030718,1,9.0,8.5427,8.5427,Al_depleted,7.888,6,0.7941,0.2204,0.0568,0.35,0.3729,0.15,81440,MURCHISON,komatiite,48.479243623535496,0.3980725549074287,13.484220820398765,6.834820858934535,0.8439882657188864,15.75208561690149,13.3372786050239,0.8477896545795099,0.0225
p0023_upper_all-v3like_k0,p0023_upper,23,upper,all,v3like,v4a,k0,False,0.0,1.8565534673601263,1,9.0,8.5797,8.5797,Al_depleted,12.606,7,0.8293,0.2217,0.0572,0.35,0.371,0.15,83454,MURCHISON,metabasalt,55.6028,0.9717,12.2494,10.4918,0.0,8.5797,12.0426,0.062,0.0
p0023_upper_mb_kmorb,p0023_upper,23,upper,mb,default,v4b;v4,kmorb,False,0.1,1.8565534673601263,1,9.0,8.5797,8.5797,Al_depleted,12.606,7,0.8293,0.2217,0.0572,0.35,0.371,0.15,83454,MURCHISON,metabasalt,55.454608909986995,0.9691102512433611,12.216753227930871,9.417453782644424,1.1629010693252995,8.556833613865047,12.010504385739736,0.06183475926426715,0.15
p0023_lower_all-v3like_k0,p0023_lower,23,lower,all,v3like,v4a,k0,False,0.0,1.8565534673601263,1,9.0,8.5797,8.5797,Al_depleted,12.606,7,0.8293,0.2217,0.0572,0.35,0.371,0.15,83454,MURCHISON,metabasalt,49.2474,0.2912,13.2905,6.649299999999999,0.0,16.3056,13.3899,0.8261,0.0
p0023_lower_mb_kmorb,p0023_lower,23,lower,mb,default,v4b,kmorb,False,0.1,1.8565534673601263,1,9.0,8.5797,8.5797,Al_depleted,12.606,7,0.8293,0.2217,0.0572,0.35,0.371,0.15,83454,MURCHISON,metabasalt,49.199890980777134,0.2909190790499052,13.277678640497133,5.978596871888328,0.7382586478095313,16.289869970316392,13.376982749211283,0.8253030604502977,0.0225
p0023_lower_ume_kmorb,p0023_lower,23,lower,ume,default,v4,kmorb,False,0.1,1.8565534673601263,1,9.0,8.5797,8.5797,Al_depleted,12.606,7,0.8293,0.2217,0.0572,0.35,0.371,0.15,83454,MURCHISON,metabasalt,49.199890980777134,0.2909190790499052,13.277678640497133,5.978596871888328,0.7382586478095313,16.289869970316392,13.376982749211283,0.8253030604502977,0.0225
p0023_lower_ig_kmorb,p0023_lower,23,lower,ig,default,v4,kmorb,False,0.1,1.8565534673601263,1,9.0,8.5797,8.5797,Al_depleted,12.606,7,0.8293,0.2217,0.0572,0.35,0.371,0.15,83454,MURCHISON,metabasalt,49.199890980777134,0.2909190790499052,13.277678640497133,5.978596871888328,0.7382586478095313,16.289869970316392,13.376982749211283,0.8253030604502977,0.0225
p0024_upper_all-v3like_k0,p0024_upper,24,upper,all,v3like,v4a,k0,False,0.0,3.7997255447969462,1,9.0,8.7857,8.7857,Al_undepleted,20.308,0,0.8755,0.2295,0.0598,0.35,0.3607,0.15,207626,MURCHISON,pyroxene spinifex-textured basalt,59.56734043265956,0.6938993061006938,14.091185908814092,7.425092574907424,0.0,8.785691214308786,7.8888921111078885,1.547898452101548,0.0
p0024_upper_mb_kmorb,p0024_upper,24,upper,mb,default,v4b;v4,kmorb,False,0.1,3.7997255447969462,1,9.0,8.7857,8.7857,Al_undepleted,20.308,0,0.8755,0.2295,0.0598,0.35,0.3607,0.15,207626,MURCHISON,pyroxene spinifex-textured basalt,59.42885354547856,0.6922860738458884,14.058425599909473,6.667047116618814,0.8232709605059615,8.765265541126707,7.870551387754473,1.544299774760125,0.15
p0024_lower_all-v3like_k0,p0024_lower,24,lower,all,v3like,v4a,k0,False,0.0,3.7997255447969462,1,9.0,8.7857,8.7857,Al_undepleted,20.308,0,0.8755,0.2295,0.0598,0.35,0.3607,0.15,207626,MURCHISON,pyroxene spinifex-textured basalt,49.9582,0.2495,13.283,5.4968,0.0,17.3569,12.6264,1.0292,0.0
p0024_lower_mb_kmorb,p0024_lower,24,lower,mb,default,v4b,kmorb,False,0.1,3.7997255447969462,1,9.0,8.7857,8.7857,Al_undepleted,20.308,0,0.8755,0.2295,0.0598,0.35,0.3607,0.15,207626,MURCHISON,pyroxene spinifex-textured basalt,49.916406484431704,0.24929127586393646,13.271887844892456,4.942981389386763,0.6103771227384592,17.342379743658352,12.615837136546723,1.0283390024816168,0.0225
p0024_lower_ume_kmorb,p0024_lower,24,lower,ume,default,v4,kmorb,False,0.1,3.7997255447969462,1,9.0,8.7857,8.7857,Al_undepleted,20.308,0,0.8755,0.2295,0.0598,0.35,0.3607,0.15,207626,MURCHISON,pyroxene spinifex-textured basalt,49.916406484431704,0.24929127586393646,13.271887844892456,4.942981389386763,0.6103771227384592,17.342379743658352,12.615837136546723,1.0283390024816168,0.0225
p0024_lower_ig_kmorb,p0024_lower,24,lower,ig,default,v4,kmorb,False,0.1,3.7997255447969462,1,9.0,8.7857,8.7857,Al_undepleted,20.308,0,0.8755,0.2295,0.0598,0.35,0.3607,0.15,207626,MURCHISON,pyroxene spinifex-textured basalt,49.916406484431704,0.24929127586393646,13.271887844892456,4.942981389386763,0.6103771227384592,17.342379743658352,12.615837136546723,1.0283390024816168,0.0225
p0025_upper_all-v3like_k0,p0025_upper,25,upper,all,v3like,v4a,k0,False,0.0,2.2748183411465344,1,9.0,8.2113,8.2113,Al_undepleted,16.987,1,0.8238,0.2079,0.0526,0.35,0.3894,0.15,81518,MURCHISON,komatiite,55.9092,0.8008,13.6036,10.4342,0.0,8.2113,10.9768,0.0641,0.0
p0025_upper_mb_kmorb,p0025_upper,25,upper,mb,default,v4b;v4,kmorb,False,0.1,2.2748183411465344,1,9.0,8.2113,8.2113,Al_undepleted,16.987,1,0.8238,0.2079,0.0526,0.35,0.3894,0.15,81518,MURCHISON,komatiite,55.760549525999195,0.7986708459505798,13.567430968997638,9.36581194647326,1.1565241496300795,8.189467928763731,10.947615062225681,0.06392957195983039,0.15
p0025_lower_all-v3like_k0,p0025_lower,25,lower,all,v3like,v4a,k0,False,0.0,2.2748183411465344,1,9.0,8.2113,8.2113,Al_undepleted,16.987,1,0.8238,0.2079,0.0526,0.35,0.3894,0.15,81518,MURCHISON,komatiite,49.342949342949346,0.2655002655002655,14.002214002214002,6.514806514806515,0.0,15.532815532815533,13.479313479313479,0.8624008624008624,0.0
p0025_lower_mb_kmorb,p0025_lower,25,lower,mb,default,v4b,kmorb,False,0.1,2.2748183411465344,1,9.0,8.2113,8.2113,Al_undepleted,16.987,1,0.8238,0.2079,0.0526,0.35,0.3894,0.15,81518,MURCHISON,komatiite,49.29608586746434,0.2652481065728156,13.988915396813104,5.85775716847654,0.7233369265504903,15.518063238321018,13.466511498783253,0.8615817970184414,0.0225
p0025_lower_ume_kmorb,p0025_lower,25,lower,ume,default,v4,kmorb,False,0.1,2.2748183411465344,1,9.0,8.2113,8.2113,Al_undepleted,16.987,1,0.8238,0.2079,0.0526,0.35,0.3894,0.15,81518,MURCHISON,komatiite,49.29608586746434,0.2652481065728156,13.988915396813104,5.85775716847654,0.7233369265504903,15.518063238321018,13.466511498783253,0.8615817970184414,0.0225
p0025_lower_ig_kmorb,p0025_lower,25,lower,ig,default,v4,kmorb,False,0.1,2.2748183411465344,1,9.0,8.2113,8.2113,Al_undepleted,16.987,1,0.8238,0.2079,0.0526,0.35,0.3894,0.15,81518,MURCHISON,komatiite,49.29608586746434,0.2652481065728156,13.988915396813104,5.85775716847654,0.7233369265504903,15.518063238321018,13.466511498783253,0.8615817970184414,0.0225
p0026_upper_all-v3like_k0,p0026_upper,26,upper,all,v3like,v4a,k0,False,0.0,0.4561154598925124,1,9.0,8.3883,8.3883,Al_undepleted,23.021,2,0.8478,0.2146,0.0549,0.35,0.3806,0.15,179888,East Pilbara Terrane,Basalt,54.38264561735438,0.6620993379006621,15.241984758015242,8.945891054108946,0.0,8.388291611708388,10.796289203710796,1.5827984172015828,0.0
p0026_upper_mb_kmorb,p0026_upper,26,upper,mb,default,v4b;v4,kmorb,False,0.1,0.4561154598925124,1,9.0,8.3883,8.3883,Al_undepleted,23.021,2,0.8478,0.2146,0.0549,0.35,0.3806,0.15,179888,East Pilbara Terrane,Basalt,54.24703367184056,0.6604482858358566,15.203976397387292,8.031224721693235,0.9917245183683082,8.36737404633275,10.769366905859625,1.5788514526823647,0.15
p0026_lower_all-v3like_k0,p0026_lower,26,lower,all,v3like,v4a,k0,False,0.0,0.4561154598925124,1,9.0,8.3883,8.3883,Al_undepleted,23.021,2,0.8478,0.2146,0.0549,0.35,0.3806,0.15,179888,East Pilbara Terrane,Basalt,49.1544,0.2447,14.0042,6.007,0.0,16.1841,13.3323,1.0733,0.0
p0026_lower_mb_kmorb,p0026_lower,26,lower,mb,default,v4b,kmorb,False,0.1,0.4561154598925124,1,9.0,8.3883,8.3883,Al_undepleted,23.021,2,0.8478,0.2146,0.0549,0.35,0.3806,0.15,179888,East Pilbara Terrane,Basalt,49.11049056156413,0.24448141042134056,13.991690101440692,5.401470572786651,0.6669930163712385,16.169642805067504,13.320390307153406,1.072341225195034,0.0225
p0026_lower_ume_kmorb,p0026_lower,26,lower,ume,default,v4,kmorb,False,0.1,0.4561154598925124,1,9.0,8.3883,8.3883,Al_undepleted,23.021,2,0.8478,0.2146,0.0549,0.35,0.3806,0.15,179888,East Pilbara Terrane,Basalt,49.11049056156413,0.24448141042134056,13.991690101440692,5.401470572786651,0.6669930163712385,16.169642805067504,13.320390307153406,1.072341225195034,0.0225
p0026_lower_ig_kmorb,p0026_lower,26,lower,ig,default,v4,kmorb,False,0.1,0.4561154598925124,1,9.0,8.3883,8.3883,Al_undepleted,23.021,2,0.8478,0.2146,0.0549,0.35,0.3806,0.15,179888,East Pilbara Terrane,Basalt,49.11049056156413,0.24448141042134056,13.991690101440692,5.401470572786651,0.6669930163712385,16.169642805067504,13.320390307153406,1.072341225195034,0.0225
p0027_upper_all-v3like_k0,p0027_upper,27,upper,all,v3like,v4a,k0,False,0.0,2.0070831301719188,1,9.0,8.1928,8.1928,Al_undepleted,19.189,3,0.8317,0.2072,0.0524,0.35,0.3904,0.15,81452,MURCHISON,metabasalt,53.9882,0.7773,14.915,9.848,0.0,8.1928,12.0791,0.1996,0.0
p0027_upper_mb_kmorb,p0027_upper,27,upper,mb,default,v4b;v4,kmorb,False,0.1,2.0070831301719188,1,9.0,8.1928,8.1928,Al_undepleted,19.189,3,0.8317,0.2072,0.0524,0.35,0.3904,0.15,81452,MURCHISON,metabasalt,53.84816789682112,0.7752838751097287,14.876314160892324,8.840211040618227,1.0916210590958215,8.171549893218815,12.047769787518236,0.19908228672571962,0.15
p0027_lower_all-v3like_k0,p0027_lower,27,lower,all,v3like,v4a,k0,False,0.0,2.0070831301719188,1,9.0,8.1928,8.1928,Al_undepleted,19.189,3,0.8317,0.2072,0.0524,0.35,0.3904,0.15,81452,MURCHISON,metabasalt,49.08060183879632,0.261999476001048,14.224771550456898,6.292887414225172,0.0,15.59766880466239,13.65747268505463,0.8845982308035384,0.0
p0027_lower_mb_kmorb,p0027_lower,27,lower,mb,default,v4b,kmorb,False,0.1,2.0070831301719188,1,9.0,8.1928,8.1928,Al_undepleted,19.189,3,0.8317,0.2072,0.0524,0.35,0.3904,0.15,81452,MURCHISON,metabasalt,49.0351983690281,0.2617571055972177,14.211612502669093,5.658359392486482,0.6987145719022244,15.583239717456955,13.644838433946568,0.8837799069133542,0.0225
p0027_lower_ume_kmorb,p0027_lower,27,lower,ume,default,v4,kmorb,False,0.1,2.0070831301719188,1,9.0,8.1928,8.1928,Al_undepleted,19.189,3,0.8317,0.2072,0.0524,0.35,0.3904,0.15,81452,MURCHISON,metabasalt,49.0351983690281,0.2617571055972177,14.211612502669093,5.658359392486482,0.6987145719022244,15.583239717456955,13.644838433946568,0.8837799069133542,0.0225
p0027_lower_ig_kmorb,p0027_lower,27,lower,ig,default,v4,kmorb,False,0.1,2.0070831301719188,1,9.0,8.1928,8.1928,Al_undepleted,19.189,3,0.8317,0.2072,0.0524,0.35,0.3904,0.15,81452,MURCHISON,metabasalt,49.0351983690281,0.2617571055972177,14.211612502669093,5.658359392486482,0.6987145719022244,15.583239717456955,13.644838433946568,0.8837799069133542,0.0225
p0028_upper_all-v3like_k0,p0028_upper,28,upper,all,v3like,v4a,k0,False,0.0,0.1533432446228351,1,9.0,8.2216,8.2216,Al_undepleted,20.247,4,0.8259,0.2083,0.0528,0.35,0.3889,0.15,100141,Kalgoorlie,basalt,50.5786,0.8293,16.7913,10.2998,0.0,8.2216,9.9519,3.3275,0.0
p0028_upper_mb_kmorb,p0028_upper,28,upper,mb,default,v4b;v4,kmorb,False,0.1,0.1533432446228351,1,9.0,8.2216,8.2216,Al_undepleted,20.247,4,0.8259,0.2083,0.0528,0.35,0.3889,0.15,100141,Kalgoorlie,basalt,50.44487650854488,0.8271074345382489,16.746905903246226,9.245311755494209,1.1416443525875195,8.199863118050967,9.925588421296514,3.318702506241436,0.15
p0028_lower_all-v3like_k0,p0028_lower,28,lower,all,v3like,v4a,k0,False,0.0,0.1533432446228351,1,9.0,8.2216,8.2216,Al_undepleted,20.247,4,0.8259,0.2083,0.0528,0.35,0.3889,0.15,100141,Kalgoorlie,basalt,48.546151453848545,0.26979973020026976,14.466885533114468,6.468693531306467,0.0,15.578384421615578,13.318386681613319,1.3516986483013516,0.0
p0028_lower_mb_kmorb,p0028_lower,28,lower,mb,default,v4b,kmorb,False,0.1,0.1533432446228351,1,9.0,8.2216,8.2216,Al_undepleted,20.247,4,0.8259,0.2083,0.0528,0.35,0.3889,0.15,100141,Kalgoorlie,basalt,48.50029359561093,0.2695448709084507,14.45321976629157,5.816324743517218,0.7182207016767639,15.563668706301735,13.305805814333246,1.3504218013600917,0.0225
p0028_lower_ume_kmorb,p0028_lower,28,lower,ume,default,v4,kmorb,False,0.1,0.1533432446228351,1,9.0,8.2216,8.2216,Al_undepleted,20.247,4,0.8259,0.2083,0.0528,0.35,0.3889,0.15,100141,Kalgoorlie,basalt,48.50029359561093,0.2695448709084507,14.45321976629157,5.816324743517218,0.7182207016767639,15.563668706301735,13.305805814333246,1.3504218013600917,0.0225
p0028_lower_ig_kmorb,p0028_lower,28,lower,ig,default,v4,kmorb,False,0.1,0.1533432446228351,1,9.0,8.2216,8.2216,Al_undepleted,20.247,4,0.8259,0.2083,0.0528,0.35,0.3889,0.15,100141,Kalgoorlie,basalt,48.50029359561093,0.2695448709084507,14.45321976629157,5.816324743517218,0.7182207016767639,15.563668706301735,13.305805814333246,1.3504218013600917,0.0225
p0029_upper_all-v3like_k0,p0029_upper,29,upper,all,v3like,v4a,k0,False,0.0,1.9574048214467619,1,9.0,8.1009,8.1009,Al_undepleted,20.985,5,0.849,0.2038,0.0513,0.35,0.395,0.15,80677,MURCHISON,basalt,56.91555691555692,0.7003007003007004,14.696614696614697,8.55890855890856,0.0,8.1009081009081,10.588710588710589,0.439000439000439,0.0
p0029_upper_mb_kmorb,p0029_upper,29,upper,mb,default,v4b;v4,kmorb,False,0.1,1.9574048214467619,1,9.0,8.1009,8.1009,Al_undepleted,20.985,5,0.849,0.2038,0.0513,0.35,0.395,0.15,80677,MURCHISON,basalt,56.7760728718662,0.6985844599830959,14.660597421944264,7.684139770233311,0.9488652200361718,8.081055050517008,10.562760633190072,0.43792457222987163,0.15
p0029_lower_all-v3like_k0,p0029_lower,29,lower,all,v3like,v4a,k0,False,0.0,1.9574048214467619,1,9.0,8.1009,8.1009,Al_undepleted,20.985,5,0.849,0.2038,0.0513,0.35,0.395,0.15,80677,MURCHISON,basalt,49.5867,0.2504,14.3187,5.7803,0.0,15.6386,13.4958,0.9295,0.0
p0029_lower_mb_kmorb,p0029_lower,29,lower,mb,default,v4b,kmorb,False,0.1,1.9574048214467619,1,9.0,8.1009,8.1009,Al_undepleted,20.985,5,0.849,0.2038,0.0513,0.35,0.395,0.15,80677,MURCHISON,basalt,49.543654212983576,0.25018262991752,14.306270059904126,5.197753954237287,0.64183735550811,15.625024266086772,13.484084412303776,0.9286931090588451,0.0225
p0029_lower_ume_kmorb,p0029_lower,29,lower,ume,default,v4,kmorb,False,0.1,1.9574048214467619,1,9.0,8.1009,8.1009,Al_undepleted,20.985,5,0.849,0.2038,0.0513,0.35,0.395,0.15,80677,MURCHISON,basalt,49.543654212983576,0.25018262991752,14.306270059904126,5.197753954237287,0.64183735550811,15.625024266086772,13.484084412303776,0.9286931090588451,0.0225
p0029_lower_ig_kmorb,p0029_lower,29,lower,ig,default,v4,kmorb,False,0.1,1.9574048214467619,1,9.0,8.1009,8.1009,Al_undepleted,20.985,5,0.849,0.2038,0.0513,0.35,0.395,0.15,80677,MURCHISON,basalt,49.543654212983576,0.25018262991752,14.306270059904126,5.197753954237287,0.64183735550811,15.625024266086772,13.484084412303776,0.9286931090588451,0.0225
p0030_upper_all-v3like_k0,p0030_upper,30,upper,all,v3like,v4a,k0,False,0.0,0.7375474411809553,1,9.0,9.0001,9.0001,Al_undepleted,26.085,6,0.8499,0.2375,0.0625,0.35,0.35,0.15,142280,De Grey Superbasin (Bookingarra Gp.),Siliceous high-Mg basalt,57.0771,0.4919,12.8303,9.4448,0.0,9.0001,8.5814,2.5744,0.0
p0030_upper_mb_kmorb,p0030_upper,30,upper,mb,default,v4b;v4,kmorb,False,0.1,0.7375474411809553,1,9.0,9.0001,9.0001,Al_undepleted,26.085,6,0.8499,0.2375,0.0625,0.35,0.35,0.15,142280,De Grey Superbasin (Bookingarra Gp.),Siliceous high-Mg basalt,56.93160932480642,0.4906461370124319,12.797595307401108,8.478652513457035,1.0469745115720843,8.977158564191072,8.559525838907264,2.567837802652581,0.15
p0030_lower_all-v3like_k0,p0030_lower,30,lower,all,v3like,v4a,k0,False,0.0,0.7375474411809553,1,9.0,9.0001,9.0001,Al_undepleted,26.085,6,0.8499,0.2375,0.0625,0.35,0.35,0.15,142280,De Grey Superbasin (Bookingarra Gp.),Siliceous high-Mg basalt,49.463549463549455,0.21920021920021915,12.797812797812796,6.363606363606362,0.0,17.408217408217403,12.585212585212583,1.1624011624011623,0.0
p0030_lower_mb_kmorb,p0030_lower,30,lower,mb,default,v4b,kmorb,False,0.1,0.7375474411809553,1,9.0,9.0001,9.0001,Al_undepleted,26.085,6,0.8499,0.2375,0.0625,0.35,0.35,0.15,142280,De Grey Superbasin (Bookingarra Gp.),Siliceous high-Mg basalt,49.417402860837086,0.21899571819817623,12.785873185933484,5.721902541484136,0.7065611085163834,17.391976558108993,12.573471316914633,1.1613167100071171,0.0225
p0030_lower_ume_kmorb,p0030_lower,30,lower,ume,default,v4,kmorb,False,0.1,0.7375474411809553,1,9.0,9.0001,9.0001,Al_undepleted,26.085,6,0.8499,0.2375,0.0625,0.35,0.35,0.15,142280,De Grey Superbasin (Bookingarra Gp.),Siliceous high-Mg basalt,49.417402860837086,0.21899571819817623,12.785873185933484,5.721902541484136,0.7065611085163834,17.391976558108993,12.573471316914633,1.1613167100071171,0.0225
p0030_lower_ig_kmorb,p0030_lower,30,lower,ig,default,v4,kmorb,False,0.1,0.7375474411809553,1,9.0,9.0001,9.0001,Al_undepleted,26.085,6,0.8499,0.2375,0.0625,0.35,0.35,0.15,142280,De Grey Superbasin (Bookingarra Gp.),Siliceous high-Mg basalt,49.417402860837086,0.21899571819817623,12.785873185933484,5.721902541484136,0.7065611085163834,17.391976558108993,12.573471316914633,1.1613167100071171,0.0225
p0031_upper_all-v3like_k0,p0031_upper,31,upper,all,v3like,v4a,k0,False,0.0,2.0695432935957796,1,9.0,9.6248,9.6248,Al_undepleted,20.468,7,0.8633,0.2609,0.0703,0.35,0.3188,0.15,81327,MURCHISON,basalt,58.094258094258095,0.6486006486006486,13.276013276013275,9.055809055809055,0.0,9.624809624809625,8.421708421708422,0.8788008788008789,0.0
p0031_upper_mb_kmorb,p0031_upper,31,upper,mb,default,v4b;v4,kmorb,False,0.1,2.0695432935957796,1,9.0,9.6248,9.6248,Al_undepleted,20.468,7,0.8633,0.2609,0.0703,0.35,0.3188,0.15,81327,MURCHISON,basalt,57.94868207653702,0.6469753468477387,13.242745459066574,8.129804827914551,1.0038975444945677,9.60069120928171,8.400604808121495,0.8765987277363443,0.15
p0031_lower_all-v3like_k0,p0031_lower,31,lower,all,v3like,v4a,k0,False,0.0,2.0695432935957796,1,9.0,9.6248,9.6248,Al_undepleted,20.468,7,0.8633,0.2609,0.0703,0.35,0.3188,0.15,81327,MURCHISON,basalt,49.5624,0.2429,12.0028,6.3589,0.0,18.8483,12.138,0.8467,0.0
p0031_lower_mb_kmorb,p0031_lower,31,lower,mb,default,v4b,kmorb,False,0.1,2.0695432935957796,1,9.0,9.6248,9.6248,Al_undepleted,20.468,7,0.8633,0.2609,0.0703,0.35,0.3188,0.15,81327,MURCHISON,basalt,49.51618710682439,0.24267351557324998,11.99160836855745,5.717673760234111,0.7060389233959571,18.830725498473804,12.126682305591224,0.8459105213498178,0.0225
p0031_lower_ume_kmorb,p0031_lower,31,lower,ume,default,v4,kmorb,False,0.1,2.0695432935957796,1,9.0,9.6248,9.6248,Al_undepleted,20.468,7,0.8633,0.2609,0.0703,0.35,0.3188,0.15,81327,MURCHISON,basalt,49.51618710682439,0.24267351557324998,11.99160836855745,5.717673760234111,0.7060389233959571,18.830725498473804,12.126682305591224,0.8459105213498178,0.0225
p0031_lower_ig_kmorb,p0031_lower,31,lower,ig,default,v4,kmorb,False,0.1,2.0695432935957796,1,9.0,9.6248,9.6248,Al_undepleted,20.468,7,0.8633,0.2609,0.0703,0.35,0.3188,0.15,81327,MURCHISON,basalt,49.51618710682439,0.24267351557324998,11.99160836855745,5.717673760234111,0.7060389233959571,18.830725498473804,12.126682305591224,0.8459105213498178,0.0225
p0032_upper_all-v3like_k0,p0032_upper,32,upper,all,v3like,v4a,k0,True,0.0,0.18633759888392887,2,11.0,10.4544,10.4544,Al_depleted,10.6,0,0.8616,0.292,0.0807,0.35,0.2773,0.15,174435,East Pilbara Terrane,Komatiitic basalt,53.9002539002539,1.037101037101037,10.993710993710994,9.976109976109976,0.0,10.454410454410453,10.112110112110113,3.5263035263035265,0.0
p0032_upper_mb_kmorb,p0032_upper,32,upper,mb,default,v4b;v4,kmorb,True,0.1,0.18633759888392887,2,11.0,10.4544,10.4544,Al_depleted,10.6,0,0.8616,0.292,0.0807,0.35,0.2773,0.15,174435,East Pilbara Terrane,Komatiitic basalt,53.75968384696454,1.0343963124011957,10.965039764386294,8.955083354479813,1.1058059056274492,10.427145702793425,10.085738068298266,3.517107045049018,0.15
p0032_upper_mb_k005,p0032_upper,32,upper,mb,default,v4-ksens,k005,True,0.1,0.18633759888392887,2,11.0,10.4544,10.4544,Al_depleted,10.6,0,0.8616,0.292,0.0807,0.35,0.2773,0.15,174435,East Pilbara Terrane,Komatiitic basalt,53.81352429147828,1.0354322626389536,10.976021276418729,8.964051890638531,1.1069133727337361,10.437588512711095,10.095838957700668,3.5206294356800134,0.05
p0032_upper_mb_k050,p0032_upper,32,upper,mb,default,v4-ksens,k050,True,0.1,0.18633759888392887,2,11.0,10.4544,10.4544,Al_depleted,10.6,0,0.8616,0.292,0.0807,0.35,0.2773,0.15,174435,East Pilbara Terrane,Komatiitic basalt,53.57124229116648,1.0307704865690432,10.926604472272773,8.923693477924301,1.1019297707554454,10.390595868081581,10.050384955389859,3.504778677840534,0.5
p0032_upper_mb_kmeas,p0032_upper,32,upper,mb,default,v4-ksens,kmeas,True,0.1,0.18633759888392887,2,11.0,10.4544,10.4544,Al_depleted,10.6,0,0.8616,0.292,0.0807,0.35,0.2773,0.15,174435,East Pilbara Terrane,Komatiitic basalt,53.74011952219982,1.034019872959162,10.961049346592558,8.951824403784698,1.1054034786725955,10.423351036413331,10.082067647623512,3.515827092870402,0.18633759888392887
p0032_lower_all-v3like_k0,p0032_lower,32,lower,all,v3like,v4a,k0,True,0.0,0.18633759888392887,2,11.0,10.4544,10.4544,Al_depleted,10.6,0,0.8616,0.292,0.0807,0.35,0.2773,0.15,174435,East Pilbara Terrane,Komatiitic basalt,48.7929487929488,0.3014003014003014,10.515610515610515,6.93060693060693,0.0,20.466020466020467,11.83011183011183,1.1633011633011634,0.0
p0032_lower_mb_kmorb,p0032_lower,32,lower,mb,default,v4b,kmorb,True,0.1,0.18633759888392887,2,11.0,10.4544,10.4544,Al_depleted,10.6,0,0.8616,0.292,0.0807,0.35,0.2773,0.15,174435,East Pilbara Terrane,Komatiitic basalt,48.74435243538969,0.3011001154681614,10.50513727344724,6.231333822950483,0.769467515666132,20.44563690501457,11.818329382879549,1.162142549184181,0.0225
p0032_lower_ume_kmorb,p0032_lower,32,lower,ume,default,v4,kmorb,True,0.1,0.18633759888392887,2,11.0,10.4544,10.4544,Al_depleted,10.6,0,0.8616,0.292,0.0807,0.35,0.2773,0.15,174435,East Pilbara Terrane,Komatiitic basalt,48.74435243538969,0.3011001154681614,10.50513727344724,6.231333822950483,0.769467515666132,20.44563690501457,11.818329382879549,1.162142549184181,0.0225
p0032_lower_ig_kmorb,p0032_lower,32,lower,ig,default,v4,kmorb,True,0.1,0.18633759888392887,2,11.0,10.4544,10.4544,Al_depleted,10.6,0,0.8616,0.292,0.0807,0.35,0.2773,0.15,174435,East Pilbara Terrane,Komatiitic basalt,48.74435243538969,0.3011001154681614,10.50513727344724,6.231333822950483,0.769467515666132,20.44563690501457,11.818329382879549,1.162142549184181,0.0225
p0032_lower_ig_k005,p0032_lower,32,lower,ig,default,v4-ksens,k005,True,0.1,0.18633759888392887,2,11.0,10.4544,10.4544,Al_depleted,10.6,0,0.8616,0.292,0.0807,0.35,0.2773,0.15,174435,East Pilbara Terrane,Komatiitic basalt,48.75166573374713,0.3011452906498975,10.50671339866643,6.232268733378771,0.7695829617688551,20.44870444074586,11.820102531245363,1.1623169097976966,0.0075
p0032_lower_ig_k050,p0032_lower,32,lower,ig,default,v4-ksens,k050,True,0.1,0.18633759888392887,2,11.0,10.4544,10.4544,Al_depleted,10.6,0,0.8616,0.292,0.0807,0.35,0.2773,0.15,174435,East Pilbara Terrane,Komatiitic basalt,48.71875589113865,0.30094200233208496,10.499620835180068,6.2280616364514705,0.7690634543066014,20.434900529955048,11.812123363599198,1.161532287036876,0.075
p0032_lower_ig_kmeas,p0032_lower,32,lower,ig,default,v4-ksens,kmeas,True,0.1,0.18633759888392887,2,11.0,10.4544,10.4544,Al_depleted,10.6,0,0.8616,0.292,0.0807,0.35,0.2773,0.15,174435,East Pilbara Terrane,Komatiitic basalt,48.741694958367376,0.301083699891827,10.50456454738718,6.230994098949126,0.7694255653243973,20.44452223618491,11.817685063338761,1.16207919072383,0.02795063983258933
p0033_upper_all-v3like_k0,p0033_upper,33,upper,all,v3like,v4a,k0,False,0.0,1.4780987339160534,2,11.0,10.3248,10.3248,Al_depleted,12.516,1,0.8369,0.2872,0.0791,0.35,0.2838,0.15,81333,MURCHISON,amphibolite,53.7494,0.9689,12.1272,11.9527,0.0,10.3248,10.8041,0.0729,0.0
p0033_upper_mb_kmorb,p0033_upper,33,upper,mb,default,v4b;v4,kmorb,False,0.1,1.4780987339160534,2,11.0,10.3248,10.3248,Al_depleted,12.516,1,0.8369,0.2872,0.0791,0.35,0.2838,0.15,81333,MURCHISON,amphibolite,53.597439769680406,0.9661607272424129,12.09291399671193,10.727016608586386,1.324610597801365,10.295609739531907,10.773554663226083,0.0726938972194983,0.15
p0033_lower_all-v3like_k0,p0033_lower,33,lower,all,v3like,v4a,k0,False,0.0,1.4780987339160534,2,11.0,10.3248,10.3248,Al_depleted,12.516,1,0.8369,0.2872,0.0791,0.35,0.2838,0.15,81333,MURCHISON,amphibolite,48.6897,0.2912,10.8646,7.705899999999999,0.0,19.7696,12.0218,0.6572,0.0
p0033_lower_mb_kmorb,p0033_lower,33,lower,mb,default,v4b,kmorb,False,0.1,1.4780987339160534,2,11.0,10.3248,10.3248,Al_depleted,12.516,1,0.8369,0.2872,0.0791,0.35,0.2838,0.15,81333,MURCHISON,amphibolite,48.63701084479594,0.2908848803341277,10.852842963180505,6.927805011779117,0.855470283392554,19.74820649125539,12.008790708794011,0.6564888164683678,0.0225
p0033_lower_ume_kmorb,p0033_lower,33,lower,ume,default,v4,kmorb,False,0.1,1.4780987339160534,2,11.0,10.3248,10.3248,Al_depleted,12.516,1,0.8369,0.2872,0.0791,0.35,0.2838,0.15,81333,MURCHISON,amphibolite,48.63701084479594,0.2908848803341277,10.852842963180505,6.927805011779117,0.855470283392554,19.74820649125539,12.008790708794011,0.6564888164683678,0.0225
p0033_lower_ig_kmorb,p0033_lower,33,lower,ig,default,v4,kmorb,False,0.1,1.4780987339160534,2,11.0,10.3248,10.3248,Al_depleted,12.516,1,0.8369,0.2872,0.0791,0.35,0.2838,0.15,81333,MURCHISON,amphibolite,48.63701084479594,0.2908848803341277,10.852842963180505,6.927805011779117,0.855470283392554,19.74820649125539,12.008790708794011,0.6564888164683678,0.0225
p0034_upper_all-v3like_k0,p0034_upper,34,upper,all,v3like,v4a,k0,False,0.0,0.6838590891830896,2,11.0,11.2347,11.2347,Al_depleted,8.23,2,0.8163,0.3213,0.0904,0.35,0.2383,0.15,179732,East Pilbara Terrane,Komatiitic basalt,52.7848,1.2537,10.3177,15.0247,0.0,11.2347,8.501,0.8834,0.0
p0034_upper_mb_kmorb,p0034_upper,34,upper,mb,default,v4b;v4,kmorb,False,0.1,0.6838590891830896,2,11.0,11.2347,11.2347,Al_depleted,8.23,2,0.8163,0.3213,0.0904,0.35,0.2383,0.15,179732,East Pilbara Terrane,Komatiitic basalt,52.61759167371303,1.2497286090187711,10.285016247326295,13.479395141367073,1.664484199820773,11.199111433152419,8.474071073836303,0.8806016217653205,0.15
p0034_lower_all-v3like_k0,p0034_lower,34,lower,all,v3like,v4a,k0,False,0.0,0.6838590891830896,2,11.0,11.2347,11.2347,Al_depleted,8.23,2,0.8163,0.3213,0.0904,0.35,0.2383,0.15,179732,East Pilbara Terrane,Komatiitic basalt,48.2936,0.3341,9.3377,9.1667,0.0,21.1181,11.0597,0.6901,0.0
p0034_lower_mb_kmorb,p0034_lower,34,lower,mb,default,v4b,kmorb,False,0.1,0.6838590891830896,2,11.0,11.2347,11.2347,Al_depleted,8.23,2,0.8163,0.3213,0.0904,0.35,0.2383,0.15,179732,East Pilbara Terrane,Komatiitic basalt,48.23350037528866,0.3336842247292383,9.32607957274531,8.239763138410531,1.0174755922140726,21.091819294386493,11.045936606518877,0.6892411957068164,0.0225
p0034_lower_ume_kmorb,p0034_lower,34,lower,ume,default,v4,kmorb,False,0.1,0.6838590891830896,2,11.0,11.2347,11.2347,Al_depleted,8.23,2,0.8163,0.3213,0.0904,0.35,0.2383,0.15,179732,East Pilbara Terrane,Komatiitic basalt,48.23350037528866,0.3336842247292383,9.32607957274531,8.239763138410531,1.0174755922140726,21.091819294386493,11.045936606518877,0.6892411957068164,0.0225
p0034_lower_ig_kmorb,p0034_lower,34,lower,ig,default,v4,kmorb,False,0.1,0.6838590891830896,2,11.0,11.2347,11.2347,Al_depleted,8.23,2,0.8163,0.3213,0.0904,0.35,0.2383,0.15,179732,East Pilbara Terrane,Komatiitic basalt,48.23350037528866,0.3336842247292383,9.32607957274531,8.239763138410531,1.0174755922140726,21.091819294386493,11.045936606518877,0.6892411957068164,0.0225
p0035_upper_all-v3like_k0,p0035_upper,35,upper,all,v3like,v4a,k0,False,0.0,0.6838590891830896,2,11.0,11.2347,11.2347,Al_depleted,8.23,3,0.8163,0.3213,0.0904,0.35,0.2383,0.15,179732,East Pilbara Terrane,Komatiitic basalt,52.7848,1.2537,10.3177,15.0247,0.0,11.2347,8.501,0.8834,0.0
p0035_upper_mb_kmorb,p0035_upper,35,upper,mb,default,v4b;v4,kmorb,False,0.1,0.6838590891830896,2,11.0,11.2347,11.2347,Al_depleted,8.23,3,0.8163,0.3213,0.0904,0.35,0.2383,0.15,179732,East Pilbara Terrane,Komatiitic basalt,52.61759167371303,1.2497286090187711,10.285016247326295,13.479395141367073,1.664484199820773,11.199111433152419,8.474071073836303,0.8806016217653205,0.15
p0035_lower_all-v3like_k0,p0035_lower,35,lower,all,v3like,v4a,k0,False,0.0,0.6838590891830896,2,11.0,11.2347,11.2347,Al_depleted,8.23,3,0.8163,0.3213,0.0904,0.35,0.2383,0.15,179732,East Pilbara Terrane,Komatiitic basalt,48.2936,0.3341,9.3377,9.1667,0.0,21.1181,11.0597,0.6901,0.0
p0035_lower_mb_kmorb,p0035_lower,35,lower,mb,default,v4b,kmorb,False,0.1,0.6838590891830896,2,11.0,11.2347,11.2347,Al_depleted,8.23,3,0.8163,0.3213,0.0904,0.35,0.2383,0.15,179732,East Pilbara Terrane,Komatiitic basalt,48.23350037528866,0.3336842247292383,9.32607957274531,8.239763138410531,1.0174755922140726,21.091819294386493,11.045936606518877,0.6892411957068164,0.0225
p0035_lower_ume_kmorb,p0035_lower,35,lower,ume,default,v4,kmorb,False,0.1,0.6838590891830896,2,11.0,11.2347,11.2347,Al_depleted,8.23,3,0.8163,0.3213,0.0904,0.35,0.2383,0.15,179732,East Pilbara Terrane,Komatiitic basalt,48.23350037528866,0.3336842247292383,9.32607957274531,8.239763138410531,1.0174755922140726,21.091819294386493,11.045936606518877,0.6892411957068164,0.0225
p0035_lower_ig_kmorb,p0035_lower,35,lower,ig,default,v4,kmorb,False,0.1,0.6838590891830896,2,11.0,11.2347,11.2347,Al_depleted,8.23,3,0.8163,0.3213,0.0904,0.35,0.2383,0.15,179732,East Pilbara Terrane,Komatiitic basalt,48.23350037528866,0.3336842247292383,9.32607957274531,8.239763138410531,1.0174755922140726,21.091819294386493,11.045936606518877,0.6892411957068164,0.0225
p0036_upper_all-v3like_k0,p0036_upper,36,upper,all,v3like,v4a,k0,False,0.0,1.0364160903987973,2,11.0,11.2607,11.2607,Al_depleted,12.211,4,0.8371,0.3223,0.0908,0.35,0.237,0.15,83430,MURCHISON,metabasalt,50.8911,0.9851,12.0281,13.024699999999998,0.0,11.2607,11.7377,0.0726,0.0
p0036_upper_mb_kmorb,p0036_upper,36,upper,mb,default,v4b;v4,kmorb,False,0.1,1.0364160903987973,2,11.0,11.2607,11.2607,Al_depleted,12.211,4,0.8371,0.3223,0.0908,0.35,0.237,0.15,83430,MURCHISON,metabasalt,50.74117184163345,0.9821978377593157,11.992664513605549,11.687695624522773,1.4432386984212646,11.227525318908057,11.703120048997585,0.07238611615199099,0.15
p0036_lower_all-v3like_k0,p0036_lower,36,lower,all,v3like,v4a,k0,False,0.0,1.0364160903987973,2,11.0,11.2607,11.2607,Al_depleted,12.211,4,0.8371,0.3223,0.0908,0.35,0.237,0.15,83430,MURCHISON,metabasalt,48.0983480983481,0.2938002938002938,9.558709558709559,8.381008381008382,0.0,21.574221574221575,11.528211528211529,0.5657005657005657,0.0
p0036_lower_mb_kmorb,p0036_lower,36,lower,mb,default,v4b,kmorb,False,0.1,1.0364160903987973,2,11.0,11.2607,11.2607,Al_depleted,12.211,4,0.8371,0.3223,0.0908,0.35,0.237,0.15,83430,MURCHISON,metabasalt,48.04269036058793,0.29346031830523606,9.547648552022668,7.5341791522960015,0.9303475434984471,21.54925663437993,11.51487148225467,0.5650459566551124,0.0225
p0036_lower_ume_kmorb,p0036_lower,36,lower,ume,default,v4,kmorb,False,0.1,1.0364160903987973,2,11.0,11.2607,11.2607,Al_depleted,12.211,4,0.8371,0.3223,0.0908,0.35,0.237,0.15,83430,MURCHISON,metabasalt,48.04269036058793,0.29346031830523606,9.547648552022668,7.5341791522960015,0.9303475434984471,21.54925663437993,11.51487148225467,0.5650459566551124,0.0225
p0036_lower_ig_kmorb,p0036_lower,36,lower,ig,default,v4,kmorb,False,0.1,1.0364160903987973,2,11.0,11.2607,11.2607,Al_depleted,12.211,4,0.8371,0.3223,0.0908,0.35,0.237,0.15,83430,MURCHISON,metabasalt,48.04269036058793,0.29346031830523606,9.547648552022668,7.5341791522960015,0.9303475434984471,21.54925663437993,11.51487148225467,0.5650459566551124,0.0225
p0037_upper_all-v3like_k0,p0037_upper,37,upper,all,v3like,v4a,k0,False,0.0,1.1675874859347368,2,11.0,10.1762,10.1762,Al_depleted,8.477,5,0.8236,0.2816,0.0772,0.35,0.2912,0.15,179731,East Pilbara Terrane,Basalt,53.54285354285354,1.1307011307011308,9.584509584509584,12.954312954312954,0.0,10.176210176210176,10.517610517610517,2.093802093802094,0.0
p0037_upper_mb_kmorb,p0037_upper,37,upper,mb,default,v4b;v4,kmorb,False,0.1,1.1675874859347368,2,11.0,10.1762,10.1762,Al_depleted,8.477,5,0.8236,0.2816,0.0772,0.35,0.2912,0.15,179731,East Pilbara Terrane,Basalt,53.385530980644546,1.1273788423432243,9.556347850392353,11.624624890448526,1.4354504973012083,10.146309874814822,10.486707094922698,2.087649969132611,0.15
p0037_lower_all-v3like_k0,p0037_lower,37,lower,all,v3like,v4a,k0,False,0.0,1.1675874859347368,2,11.0,10.1762,10.1762,Al_depleted,8.477,5,0.8236,0.2816,0.0772,0.35,0.2912,0.15,179731,East Pilbara Terrane,Basalt,48.6314,0.3154,10.6877,8.0571,0.0,19.2537,12.0794,0.9753,0.0
p0037_lower_mb_kmorb,p0037_lower,37,lower,mb,default,v4b,kmorb,False,0.1,1.1675874859347368,2,11.0,10.1762,10.1762,Al_depleted,8.477,5,0.8236,0.2816,0.0772,0.35,0.2912,0.15,179731,East Pilbara Terrane,Basalt,48.57687586868281,0.3150463825631703,10.675717257198462,7.243259949444348,0.8944237938425765,19.232113303603395,12.065856923061379,0.974206521603868,0.0225
p0037_lower_ume_kmorb,p0037_lower,37,lower,ume,default,v4,kmorb,False,0.1,1.1675874859347368,2,11.0,10.1762,10.1762,Al_depleted,8.477,5,0.8236,0.2816,0.0772,0.35,0.2912,0.15,179731,East Pilbara Terrane,Basalt,48.57687586868281,0.3150463825631703,10.675717257198462,7.243259949444348,0.8944237938425765,19.232113303603395,12.065856923061379,0.974206521603868,0.0225
p0037_lower_ig_kmorb,p0037_lower,37,lower,ig,default,v4,kmorb,False,0.1,1.1675874859347368,2,11.0,10.1762,10.1762,Al_depleted,8.477,5,0.8236,0.2816,0.0772,0.35,0.2912,0.15,179731,East Pilbara Terrane,Basalt,48.57687586868281,0.3150463825631703,10.675717257198462,7.243259949444348,0.8944237938425765,19.232113303603395,12.065856923061379,0.974206521603868,0.0225
p0038_upper_all-v3like_k0,p0038_upper,38,upper,all,v3like,v4a,k0,False,0.0,0.09398466207908733,2,11.0,11.3933,11.3933,Al_depleted,8.025,6,0.8424,0.3272,0.0924,0.35,0.2303,0.15,99552,Kalgoorlie,basalt,51.6252,1.2648,10.1494,12.6688,0.0,11.3933,10.4212,2.4773,0.0
p0038_upper_mb_kmorb,p0038_upper,38,upper,mb,default,v4b;v4,kmorb,False,0.1,0.09398466207908733,2,11.0,11.3933,11.3933,Al_depleted,8.025,6,0.8424,0.3272,0.0924,0.35,0.2303,0.15,99552,Kalgoorlie,basalt,51.47514616172888,1.2611237315372084,10.119899747678481,11.36877917227129,1.4038577476984528,11.360184227168624,10.390909733630263,2.4700994782867856,0.15
p0038_lower_all-v3like_k0,p0038_lower,38,lower,all,v3like,v4a,k0,False,0.0,0.09398466207908733,2,11.0,11.3933,11.3933,Al_depleted,8.025,6,0.8424,0.3272,0.0924,0.35,0.2303,0.15,99552,Kalgoorlie,basalt,48.2102,0.3358,9.0937,8.2694,0.0,21.9362,11.2407,0.914,0.0
p0038_lower_mb_kmorb,p0038_lower,38,lower,mb,default,v4b,kmorb,False,0.1,0.09398466207908733,2,11.0,11.3933,11.3933,Al_depleted,8.025,6,0.8424,0.3272,0.0924,0.35,0.2303,0.15,99552,Kalgoorlie,basalt,48.155010736759195,0.33541558851454123,9.083289866809661,7.433940145610282,0.9179696703754854,21.9110882453028,11.227832060200727,0.9129536864273101,0.0225
p0038_lower_ume_kmorb,p0038_lower,38,lower,ume,default,v4,kmorb,False,0.1,0.09398466207908733,2,11.0,11.3933,11.3933,Al_depleted,8.025,6,0.8424,0.3272,0.0924,0.35,0.2303,0.15,99552,Kalgoorlie,basalt,48.155010736759195,0.33541558851454123,9.083289866809661,7.433940145610282,0.9179696703754854,21.9110882453028,11.227832060200727,0.9129536864273101,0.0225
p0038_lower_ig_kmorb,p0038_lower,38,lower,ig,default,v4,kmorb,False,0.1,0.09398466207908733,2,11.0,11.3933,11.3933,Al_depleted,8.025,6,0.8424,0.3272,0.0924,0.35,0.2303,0.15,99552,Kalgoorlie,basalt,48.155010736759195,0.33541558851454123,9.083289866809661,7.433940145610282,0.9179696703754854,21.9110882453028,11.227832060200727,0.9129536864273101,0.0225
p0039_upper_all-v3like_k0,p0039_upper,39,upper,all,v3like,v4a,k0,False,0.0,1.4780987339160534,2,11.0,10.3248,10.3248,Al_depleted,12.516,7,0.8369,0.2872,0.0791,0.35,0.2838,0.15,81333,MURCHISON,amphibolite,53.7494,0.9689,12.1272,11.9527,0.0,10.3248,10.8041,0.0729,0.0
p0039_upper_mb_kmorb,p0039_upper,39,upper,mb,default,v4b;v4,kmorb,False,0.1,1.4780987339160534,2,11.0,10.3248,10.3248,Al_depleted,12.516,7,0.8369,0.2872,0.0791,0.35,0.2838,0.15,81333,MURCHISON,amphibolite,53.597439769680406,0.9661607272424129,12.09291399671193,10.727016608586386,1.324610597801365,10.295609739531907,10.773554663226083,0.0726938972194983,0.15
p0039_lower_all-v3like_k0,p0039_lower,39,lower,all,v3like,v4a,k0,False,0.0,1.4780987339160534,2,11.0,10.3248,10.3248,Al_depleted,12.516,7,0.8369,0.2872,0.0791,0.35,0.2838,0.15,81333,MURCHISON,amphibolite,48.6897,0.2912,10.8646,7.705899999999999,0.0,19.7696,12.0218,0.6572,0.0
p0039_lower_mb_kmorb,p0039_lower,39,lower,mb,default,v4b,kmorb,False,0.1,1.4780987339160534,2,11.0,10.3248,10.3248,Al_depleted,12.516,7,0.8369,0.2872,0.0791,0.35,0.2838,0.15,81333,MURCHISON,amphibolite,48.63701084479594,0.2908848803341277,10.852842963180505,6.927805011779117,0.855470283392554,19.74820649125539,12.008790708794011,0.6564888164683678,0.0225
p0039_lower_ume_kmorb,p0039_lower,39,lower,ume,default,v4,kmorb,False,0.1,1.4780987339160534,2,11.0,10.3248,10.3248,Al_depleted,12.516,7,0.8369,0.2872,0.0791,0.35,0.2838,0.15,81333,MURCHISON,amphibolite,48.63701084479594,0.2908848803341277,10.852842963180505,6.927805011779117,0.855470283392554,19.74820649125539,12.008790708794011,0.6564888164683678,0.0225
p0039_lower_ig_kmorb,p0039_lower,39,lower,ig,default,v4,kmorb,False,0.1,1.4780987339160534,2,11.0,10.3248,10.3248,Al_depleted,12.516,7,0.8369,0.2872,0.0791,0.35,0.2838,0.15,81333,MURCHISON,amphibolite,48.63701084479594,0.2908848803341277,10.852842963180505,6.927805011779117,0.855470283392554,19.74820649125539,12.008790708794011,0.6564888164683678,0.0225
p0040_upper_all-v3like_k0,p0040_upper,40,upper,all,v3like,v4a,k0,True,0.0,2.2626764562899933,2,11.0,11.5967,11.5967,Al_undepleted,25.333,0,0.8864,0.3349,0.095,0.35,0.2202,0.15,81785,MURCHISON,komatiite,56.8797,0.5466,13.8475,8.8338,0.0,11.5967,8.0706,0.2251,0.0
p0040_upper_mb_kmorb,p0040_upper,40,upper,mb,default,v4b;v4,kmorb,True,0.1,2.2626764562899933,2,11.0,11.5967,11.5967,Al_undepleted,25.333,0,0.8864,0.3349,0.095,0.35,0.2202,0.15,81785,MURCHISON,komatiite,56.7385687281103,0.5452437630083332,13.813141251843934,7.930693227765666,0.9793105278685945,11.567925990630695,8.05057503427562,0.22454147649684558,0.15
p0040_upper_mb_k005,p0040_upper,40,upper,mb,default,v4-ksens,k005,True,0.1,2.2626764562899933,2,11.0,11.5967,11.5967,Al_undepleted,25.333,0,0.8864,0.3349,0.095,0.35,0.2202,0.15,81785,MURCHISON,komatiite,56.795392532545065,0.5457898258656275,13.826975143933915,7.938635834904139,0.9802913095690139,11.579511294577246,8.058637703313455,0.2247663552915345,0.05
p0040_upper_mb_k050,p0040_upper,40,upper,mb,default,v4-ksens,k050,True,0.1,2.2626764562899933,2,11.0,11.5967,11.5967,Al_undepleted,25.333,0,0.8864,0.3349,0.095,0.35,0.2202,0.15,81785,MURCHISON,komatiite,56.53968541258863,0.5433325430078032,13.76472262952901,7.902894102781009,0.9758777919171273,11.527377426817768,8.022355692643208,0.22375440071543454,0.5
p0040_upper_mb_kmeas,p0040_upper,40,upper,mb,default,v4-ksens,kmeas,True,0.1,2.2626764562899933,2,11.0,11.5967,11.5967,Al_undepleted,25.333,0,0.8864,0.3349,0.095,0.35,0.2202,0.15,81785,MURCHISON,komatiite,55.538065590248806,0.5337072215857326,13.520875870670386,7.76289163673553,0.9585897837962369,11.323166001762287,7.880236923764754,0.21979051514626494,2.2626764562899933
p0040_lower_all-v3like_k0,p0040_lower,40,lower,all,v3like,v4a,k0,True,0.0,2.2626764562899933,2,11.0,11.5967,11.5967,Al_undepleted,25.333,0,0.8864,0.3349,0.095,0.35,0.2202,0.15,81785,MURCHISON,komatiite,49.1781,0.228,9.3686,6.664199999999999,0.0,23.2554,10.7499,0.5558,0.0
p0040_lower_mb_kmorb,p0040_lower,40,lower,mb,default,v4b,kmorb,True,0.1,2.2626764562899933,2,11.0,11.5967,11.5967,Al_undepleted,25.333,0,0.8864,0.3349,0.095,0.35,0.2202,0.15,81785,MURCHISON,komatiite,49.130576379856706,0.22777967051609005,9.35954658419755,5.991984000999976,0.739911738668105,23.23292697245562,10.739511754740862,0.5552628985651001,0.0225
p0040_lower_ume_kmorb,p0040_lower,40,lower,ume,default,v4,kmorb,True,0.1,2.2626764562899933,2,11.0,11.5967,11.5967,Al_undepleted,25.333,0,0.8864,0.3349,0.095,0.35,0.2202,0.15,81785,MURCHISON,komatiite,49.130576379856706,0.22777967051609005,9.35954658419755,5.991984000999976,0.739911738668105,23.23292697245562,10.739511754740862,0.5552628985651001,0.0225
p0040_lower_ig_kmorb,p0040_lower,40,lower,ig,default,v4,kmorb,True,0.1,2.2626764562899933,2,11.0,11.5967,11.5967,Al_undepleted,25.333,0,0.8864,0.3349,0.095,0.35,0.2202,0.15,81785,MURCHISON,komatiite,49.130576379856706,0.22777967051609005,9.35954658419755,5.991984000999976,0.739911738668105,23.23292697245562,10.739511754740862,0.5552628985651001,0.0225
p0040_lower_ig_k005,p0040_lower,40,lower,ig,default,v4-ksens,k005,True,0.1,2.2626764562899933,2,11.0,11.5967,11.5967,Al_undepleted,25.333,0,0.8864,0.3349,0.095,0.35,0.2202,0.15,81785,MURCHISON,komatiite,49.13794762484381,0.22781384515596145,9.360950832140968,5.992883000875098,0.7400227504065465,23.236412695789237,10.741123044044167,0.5553462067442253,0.0075
p0040_lower_ig_k050,p0040_lower,40,lower,ig,default,v4-ksens,k050,True,0.1,2.2626764562899933,2,11.0,11.5967,11.5967,Al_undepleted,25.333,0,0.8864,0.3349,0.095,0.35,0.2202,0.15,81785,MURCHISON,komatiite,49.10477702240185,0.2276600592765402,9.354631716395591,5.988837501437049,0.7395231975835602,23.220726940787955,10.733872242179297,0.5549713199381624,0.075
p0040_lower_ig_kmeas,p0040_lower,40,lower,ig,default,v4-ksens,kmeas,True,0.1,2.2626764562899933,2,11.0,11.5967,11.5967,Al_undepleted,25.333,0,0.8864,0.3349,0.095,0.35,0.2202,0.15,81785,MURCHISON,komatiite,48.97484582247877,0.2270576709455054,9.329879368509044,5.972991042296199,0.7375664198063361,23.159284916254855,10.705470424987231,0.5535028662785609,0.339401468443499
p0041_upper_all-v3like_k0,p0041_upper,41,upper,all,v3like,v4a,k0,False,0.0,1.8406916163263216,2,11.0,11.5655,11.5655,Al_undepleted,27.213,1,0.8824,0.3337,0.0946,0.35,0.2217,0.15,81334,MURCHISON,komatiite,55.8058,0.4924,13.3988,9.1624,0.0,11.5655,9.3237,0.2514,0.0
p0041_upper_mb_kmorb,p0041_upper,41,upper,mb,default,v4b;v4,kmorb,False,0.1,1.8406916163263216,2,11.0,11.5655,11.5655,Al_undepleted,27.213,1,0.8824,0.3337,0.0946,0.35,0.2217,0.15,81334,MURCHISON,komatiite,55.66529850104827,0.49116029125854604,13.365066024603992,8.225398755817572,1.015701826580273,11.536381698925089,9.30022584810582,0.25076705366043556,0.15
p0041_lower_all-v3like_k0,p0041_lower,41,lower,all,v3like,v4a,k0,False,0.0,1.8406916163263216,2,11.0,11.5655,11.5655,Al_undepleted,27.213,1,0.8824,0.3337,0.0946,0.35,0.2217,0.15,81334,MURCHISON,komatiite,49.001749001749005,0.2198002198002198,9.344209344209345,6.805906805906806,0.0,23.106323106323106,10.959210959210958,0.5628005628005628,0.0
p0041_lower_mb_kmorb,p0041_lower,41,lower,mb,default,v4b,kmorb,False,0.1,1.8406916163263216,2,11.0,11.5655,11.5655,Al_undepleted,27.213,1,0.8824,0.3337,0.0946,0.35,0.2217,0.15,81334,MURCHISON,komatiite,48.95362391420085,0.2195843518967984,9.335032306615394,6.119300393616825,0.7556332248079818,23.08363016484528,10.948447813045464,0.5622478309714201,0.0225
p0041_lower_ume_kmorb,p0041_lower,41,lower,ume,default,v4,kmorb,False,0.1,1.8406916163263216,2,11.0,11.5655,11.5655,Al_undepleted,27.213,1,0.8824,0.3337,0.0946,0.35,0.2217,0.15,81334,MURCHISON,komatiite,48.95362391420085,0.2195843518967984,9.335032306615394,6.119300393616825,0.7556332248079818,23.08363016484528,10.948447813045464,0.5622478309714201,0.0225
p0041_lower_ig_kmorb,p0041_lower,41,lower,ig,default,v4,kmorb,False,0.1,1.8406916163263216,2,11.0,11.5655,11.5655,Al_undepleted,27.213,1,0.8824,0.3337,0.0946,0.35,0.2217,0.15,81334,MURCHISON,komatiite,48.95362391420085,0.2195843518967984,9.335032306615394,6.119300393616825,0.7556332248079818,23.08363016484528,10.948447813045464,0.5622478309714201,0.0225
p0042_upper_all-v3like_k0,p0042_upper,42,upper,all,v3like,v4a,k0,False,0.0,1.5725413645998167,2,11.0,11.8653,11.8653,Al_undepleted,27.457,2,0.8802,0.3449,0.0983,0.35,0.2067,0.15,81516,MURCHISON,komatiite,54.93845493845494,0.49000049000049,13.45231345231345,9.593409593409595,0.0,11.865311865311865,9.213209213209213,0.44730044730044727,0.0
p0042_upper_mb_kmorb,p0042_upper,42,upper,mb,default,v4b;v4,kmorb,False,0.1,1.5725413645998167,2,11.0,11.8653,11.8653,Al_undepleted,27.457,2,0.8802,0.3449,0.0983,0.35,0.2067,0.15,81516,MURCHISON,komatiite,54.79750987428422,0.48874338965822206,13.417801429998573,8.61191785900504,1.0634305958193344,11.834871308799393,9.189572648161494,0.44615289427371985,0.15
p0042_lower_all-v3like_k0,p0042_lower,42,lower,all,v3like,v4a,k0,False,0.0,1.5725413645998167,2,11.0,11.8653,11.8653,Al_undepleted,27.457,2,0.8802,0.3449,0.0983,0.35,0.2067,0.15,81516,MURCHISON,komatiite,48.815948815948815,0.2195002195002195,8.93880893880894,7.054607054607055,0.0,23.66862366862367,10.73961073961074,0.5629005629005629,0.0
p0042_lower_mb_kmorb,p0042_lower,42,lower,mb,default,v4b,kmorb,False,0.1,1.5725413645998167,2,11.0,11.8653,11.8653,Al_undepleted,27.457,2,0.8802,0.3449,0.0983,0.35,0.2067,0.15,81516,MURCHISON,komatiite,48.766656714521865,0.21927857826727662,8.92978294038967,6.342735272983584,0.7832237674469086,23.64472418030462,10.728766374301795,0.5623321717842825,0.0225
p0042_lower_ume_kmorb,p0042_lower,42,lower,ume,default,v4,kmorb,False,0.1,1.5725413645998167,2,11.0,11.8653,11.8653,Al_undepleted,27.457,2,0.8802,0.3449,0.0983,0.35,0.2067,0.15,81516,MURCHISON,komatiite,48.766656714521865,0.21927857826727662,8.92978294038967,6.342735272983584,0.7832237674469086,23.64472418030462,10.728766374301795,0.5623321717842825,0.0225
p0042_lower_ig_kmorb,p0042_lower,42,lower,ig,default,v4,kmorb,False,0.1,1.5725413645998167,2,11.0,11.8653,11.8653,Al_undepleted,27.457,2,0.8802,0.3449,0.0983,0.35,0.2067,0.15,81516,MURCHISON,komatiite,48.766656714521865,0.21927857826727662,8.92978294038967,6.342735272983584,0.7832237674469086,23.64472418030462,10.728766374301795,0.5623321717842825,0.0225
p0043_upper_all-v3like_k0,p0043_upper,43,upper,all,v3like,v4a,k0,False,0.0,1.9321799006124256,2,11.0,10.5754,10.5754,Al_undepleted,23.685,3,0.8551,0.2966,0.0822,0.35,0.2712,0.15,81669,MURCHISON,metabasalt,54.50675450675451,0.575100575100575,13.621313621313622,10.646610646610647,0.0,10.575410575410576,9.510409510409511,0.5644005644005644,0.0
p0043_upper_mb_kmorb,p0043_upper,43,upper,mb,default,v4b;v4,kmorb,False,0.1,1.9321799006124256,2,11.0,10.5754,10.5754,Al_undepleted,23.685,3,0.8551,0.2966,0.0822,0.35,0.2712,0.15,81669,MURCHISON,metabasalt,54.36054856517203,0.5735579567251444,13.584776553538882,9.5562474836775,1.1800398147943174,10.547043671624229,9.484899307318406,0.5628866471494898,0.15
p0043_lower_all-v3like_k0,p0043_lower,43,lower,all,v3like,v4a,k0,False,0.0,1.9321799006124256,2,11.0,10.5754,10.5754,Al_undepleted,23.685,3,0.8551,0.2966,0.0822,0.35,0.2712,0.15,81669,MURCHISON,metabasalt,48.836751163248834,0.2320997679002321,10.743289256710742,7.237992762007238,0.0,20.585479414520584,11.657788342211656,0.7065992934007066,0.0
p0043_lower_mb_kmorb,p0043_lower,43,lower,mb,default,v4b,kmorb,False,0.1,1.9321799006124256,2,11.0,10.5754,10.5754,Al_undepleted,23.685,3,0.8551,0.2966,0.0822,0.35,0.2712,0.15,81669,MURCHISON,metabasalt,48.786442598216844,0.23186067324325366,10.732222192392275,6.507482971310655,0.8035674058629005,20.564273541788015,11.645779218161147,0.7058713990249161,0.0225
p0043_lower_ume_kmorb,p0043_lower,43,lower,ume,default,v4,kmorb,False,0.1,1.9321799006124256,2,11.0,10.5754,10.5754,Al_undepleted,23.685,3,0.8551,0.2966,0.0822,0.35,0.2712,0.15,81669,MURCHISON,metabasalt,48.786442598216844,0.23186067324325366,10.732222192392275,6.507482971310655,0.8035674058629005,20.564273541788015,11.645779218161147,0.7058713990249161,0.0225
p0043_lower_ig_kmorb,p0043_lower,43,lower,ig,default,v4,kmorb,False,0.1,1.9321799006124256,2,11.0,10.5754,10.5754,Al_undepleted,23.685,3,0.8551,0.2966,0.0822,0.35,0.2712,0.15,81669,MURCHISON,metabasalt,48.786442598216844,0.23186067324325366,10.732222192392275,6.507482971310655,0.8035674058629005,20.564273541788015,11.645779218161147,0.7058713990249161,0.0225
p0044_upper_all-v3like_k0,p0044_upper,44,upper,all,v3like,v4a,k0,False,0.0,0.4224477960651193,2,11.0,10.9682,10.9682,Al_undepleted,17.855,4,0.844,0.3113,0.0871,0.35,0.2516,0.15,207604,MURCHISON,basalt,55.8755,0.5691,10.1611,12.0478,0.0,10.9682,10.3266,0.0517,0.0
p0044_upper_mb_kmorb,p0044_upper,44,upper,mb,default,v4b;v4,kmorb,False,0.1,0.4224477960651193,2,11.0,10.9682,10.9682,Al_undepleted,17.855,4,0.844,0.3113,0.0871,0.35,0.2516,0.15,207604,MURCHISON,basalt,55.71693962620638,0.5674850397987321,10.13226539781918,10.81225028332182,1.3351355585582765,10.937075054507911,10.297295751160755,0.05155328862694508,0.15
p0044_lower_all-v3like_k0,p0044_lower,44,lower,all,v3like,v4a,k0,False,0.0,0.4224477960651193,2,11.0,10.9682,10.9682,Al_undepleted,17.855,4,0.844,0.3113,0.0871,0.35,0.2516,0.15,207604,MURCHISON,basalt,48.9284,0.2312,9.6819,7.9096,0.0,21.1433,11.5144,0.5912,0.0
p0044_lower_mb_kmorb,p0044_lower,44,lower,mb,default,v4b,kmorb,False,0.1,0.4224477960651193,2,11.0,10.9682,10.9682,Al_undepleted,17.855,4,0.844,0.3113,0.0871,0.35,0.2516,0.15,207604,MURCHISON,basalt,48.87434489671622,0.23094457493236623,9.671203633380955,7.110775471005795,0.8780641338749182,21.11994131127811,11.501679124572828,0.5905468542388188,0.0225
p0044_lower_ume_kmorb,p0044_lower,44,lower,ume,default,v4,kmorb,False,0.1,0.4224477960651193,2,11.0,10.9682,10.9682,Al_undepleted,17.855,4,0.844,0.3113,0.0871,0.35,0.2516,0.15,207604,MURCHISON,basalt,48.87434489671622,0.23094457493236623,9.671203633380955,7.110775471005795,0.8780641338749182,21.11994131127811,11.501679124572828,0.5905468542388188,0.0225
p0044_lower_ig_kmorb,p0044_lower,44,lower,ig,default,v4,kmorb,False,0.1,0.4224477960651193,2,11.0,10.9682,10.9682,Al_undepleted,17.855,4,0.844,0.3113,0.0871,0.35,0.2516,0.15,207604,MURCHISON,basalt,48.87434489671622,0.23094457493236623,9.671203633380955,7.110775471005795,0.8780641338749182,21.11994131127811,11.501679124572828,0.5905468542388188,0.0225
p0045_upper_all-v3like_k0,p0045_upper,45,upper,all,v3like,v4a,k0,False,0.0,0.058660967055372396,2,11.0,11.7391,11.7391,Al_undepleted,19.18,5,0.8716,0.3402,0.0967,0.35,0.213,0.15,111935,Kurnalpi,komatiitic basalt,53.03544696455303,0.6393993606006393,12.263087736912262,10.27988972011028,0.0,11.739088260911739,10.449889550110449,1.593198406801593,0.0
p0045_upper_mb_kmorb,p0045_upper,45,upper,mb,default,v4b;v4,kmorb,False,0.1,0.058660967055372396,2,11.0,11.7391,11.7391,Al_undepleted,19.18,5,0.8716,0.3402,0.0967,0.35,0.213,0.15,111935,Kurnalpi,komatiitic basalt,52.8953450146999,0.6377102808948556,12.23069275202018,9.22746031422259,1.1394399924045129,11.708077507746012,10.422284429657728,1.5889897083542133,0.15
p0045_lower_all-v3like_k0,p0045_lower,45,lower,all,v3like,v4a,k0,False,0.0,0.058660967055372396,2,11.0,11.7391,11.7391,Al_undepleted,19.18,5,0.8716,0.3402,0.0967,0.35,0.213,0.15,111935,Kurnalpi,komatiitic basalt,48.5059,0.2419,8.9343,7.3339,0.0,23.2258,11.0108,0.7474,0.0
p0045_lower_mb_kmorb,p0045_lower,45,lower,mb,default,v4b,kmorb,False,0.1,0.058660967055372396,2,11.0,11.7391,11.7391,Al_undepleted,19.18,5,0.8716,0.3402,0.0967,0.35,0.213,0.15,111935,Kurnalpi,komatiitic basalt,48.45541519432577,0.24164823115347625,8.925001205434077,6.593640207568547,0.8142064113188191,23.201626652023187,10.999339990015281,0.746622108160844,0.0225
p0045_lower_ume_kmorb,p0045_lower,45,lower,ume,default,v4,kmorb,False,0.1,0.058660967055372396,2,11.0,11.7391,11.7391,Al_undepleted,19.18,5,0.8716,0.3402,0.0967,0.35,0.213,0.15,111935,Kurnalpi,komatiitic basalt,48.45541519432577,0.24164823115347625,8.925001205434077,6.593640207568547,0.8142064113188191,23.201626652023187,10.999339990015281,0.746622108160844,0.0225
p0045_lower_ig_kmorb,p0045_lower,45,lower,ig,default,v4,kmorb,False,0.1,0.058660967055372396,2,11.0,11.7391,11.7391,Al_undepleted,19.18,5,0.8716,0.3402,0.0967,0.35,0.213,0.15,111935,Kurnalpi,komatiitic basalt,48.45541519432577,0.24164823115347625,8.925001205434077,6.593640207568547,0.8142064113188191,23.201626652023187,10.999339990015281,0.746622108160844,0.0225
p0046_upper_all-v3like_k0,p0046_upper,46,upper,all,v3like,v4a,k0,False,0.0,0.018762346092787707,2,11.0,10.8946,10.8946,Al_undepleted,28.631,6,0.8751,0.3085,0.0862,0.35,0.2553,0.15,180201,East Pilbara Terrane,Basalt,50.64805064805064,0.5598005598005596,16.029216029216027,9.24200924200924,0.0,10.894610894610892,11.771411771411769,0.8549008549008547,0.0
p0046_upper_mb_kmorb,p0046_upper,46,upper,mb,default,v4b;v4,kmorb,False,0.1,0.018762346092787707,2,11.0,10.8946,10.8946,Al_undepleted,28.631,6,0.8751,0.3085,0.0862,0.35,0.2553,0.15,180201,East Pilbara Terrane,Basalt,50.52008735619381,0.5583862127230551,15.988717901001063,8.296793212196906,1.0245178708724612,10.867085446824932,11.741671069039247,0.852740931148517,0.15
p0046_lower_all-v3like_k0,p0046_lower,46,lower,all,v3like,v4a,k0,False,0.0,0.018762346092787707,2,11.0,10.8946,10.8946,Al_undepleted,28.631,6,0.8751,0.3085,0.0862,0.35,0.2553,0.15,180201,East Pilbara Terrane,Basalt,48.29404829404829,0.2298002298002298,10.664710664710665,6.7110067110067115,0.0,21.6002216002216,11.781211781211782,0.7190007190007189,0.0
p0046_lower_mb_kmorb,p0046_lower,46,lower,mb,default,v4b,kmorb,False,0.1,0.018762346092787707,2,11.0,10.8946,10.8946,Al_undepleted,28.631,6,0.8751,0.3085,0.0862,0.35,0.2553,0.15,180201,East Pilbara Terrane,Basalt,48.24712770438519,0.22957696497427668,10.654349253094727,6.03403790577952,0.7451047061056054,21.579235678143476,11.769765621213875,0.7183021663033287,0.0225
p0046_lower_ume_kmorb,p0046_lower,46,lower,ume,default,v4,kmorb,False,0.1,0.018762346092787707,2,11.0,10.8946,10.8946,Al_undepleted,28.631,6,0.8751,0.3085,0.0862,0.35,0.2553,0.15,180201,East Pilbara Terrane,Basalt,48.24712770438519,0.22957696497427668,10.654349253094727,6.03403790577952,0.7451047061056054,21.579235678143476,11.769765621213875,0.7183021663033287,0.0225
p0046_lower_ig_kmorb,p0046_lower,46,lower,ig,default,v4,kmorb,False,0.1,0.018762346092787707,2,11.0,10.8946,10.8946,Al_undepleted,28.631,6,0.8751,0.3085,0.0862,0.35,0.2553,0.15,180201,East Pilbara Terrane,Basalt,48.24712770438519,0.22957696497427668,10.654349253094727,6.03403790577952,0.7451047061056054,21.579235678143476,11.769765621213875,0.7183021663033287,0.0225
p0047_upper_all-v3like_k0,p0047_upper,47,upper,all,v3like,v4a,k0,False,0.0,0.2921509494707613,2,11.0,10.3076,10.3076,Al_undepleted,21.441,7,0.8591,0.2865,0.0788,0.35,0.2846,0.15,204660,Kalgoorlie,Variolitic metabasalt,53.997,0.6174,13.2376,10.0469,0.0,10.3076,9.8576,1.9359,0.0
p0047_upper_mb_kmorb,p0047_upper,47,upper,mb,default,v4b;v4,kmorb,False,0.1,0.2921509494707613,2,11.0,10.3076,10.3076,Al_undepleted,21.441,7,0.8591,0.2865,0.0788,0.35,0.2846,0.15,204660,Kalgoorlie,Variolitic metabasalt,53.855753581826036,0.6157849928962608,13.202972824689896,9.018557208643504,1.1136438854662445,10.280637176510362,9.831814295390638,1.930836034577051,0.15
p0047_lower_all-v3like_k0,p0047_lower,47,lower,all,v3like,v4a,k0,False,0.0,0.2921509494707613,2,11.0,10.3076,10.3076,Al_undepleted,21.441,7,0.8591,0.2865,0.0788,0.35,0.2846,0.15,204660,Kalgoorlie,Variolitic metabasalt,48.8205,0.2384,11.0552,6.926700000000001,0.0,20.1292,11.8913,0.9387,0.0
p0047_lower_mb_kmorb,p0047_lower,47,lower,mb,default,v4b,kmorb,False,0.1,0.2921509494707613,2,11.0,10.3076,10.3076,Al_undepleted,21.441,7,0.8591,0.2865,0.0788,0.35,0.2846,0.15,204660,Kalgoorlie,Variolitic metabasalt,48.77189740389691,0.2381626640671239,11.044194143434849,6.227823794775054,0.7690340847608389,20.109160644043417,11.879461775257509,0.9377654897643004,0.0225
p0047_lower_ume_kmorb,p0047_lower,47,lower,ume,default,v4,kmorb,False,0.1,0.2921509494707613,2,11.0,10.3076,10.3076,Al_undepleted,21.441,7,0.8591,0.2865,0.0788,0.35,0.2846,0.15,204660,Kalgoorlie,Variolitic metabasalt,48.77189740389691,0.2381626640671239,11.044194143434849,6.227823794775054,0.7690340847608389,20.109160644043417,11.879461775257509,0.9377654897643004,0.0225
p0047_lower_ig_kmorb,p0047_lower,47,lower,ig,default,v4,kmorb,False,0.1,0.2921509494707613,2,11.0,10.3076,10.3076,Al_undepleted,21.441,7,0.8591,0.2865,0.0788,0.35,0.2846,0.15,204660,Kalgoorlie,Variolitic metabasalt,48.77189740389691,0.2381626640671239,11.044194143434849,6.227823794775054,0.7690340847608389,20.109160644043417,11.879461775257509,0.9377654897643004,0.0225
p0048_upper_all-v3like_k0,p0048_upper,48,upper,all,v3like,v4a,k0,False,0.0,1.1472431705638382,3,13.0,12.1548,12.1548,Al_depleted,12.414,0,0.8533,0.3577,0.1019,0.3461,0.1942,0.15,83429,MURCHISON,metabasalt,50.79504920495079,0.9014990985009014,11.191088808911191,12.419387580612419,0.0,12.154787845212153,12.475987524012476,0.062199937800062194,0.0
p0048_upper_mb_kmorb,p0048_upper,48,upper,mb,default,v4b;v4,kmorb,False,0.1,1.1472431705638382,3,13.0,12.1548,12.1548,Al_depleted,12.414,0,0.8533,0.3577,0.1019,0.3461,0.1942,0.15,83429,MURCHISON,metabasalt,50.648812954446164,0.8989037304470946,11.158870258243462,11.145269540680179,1.3762579743859664,12.11979485617121,12.440069818145261,0.06202086748065367,0.15
p0048_lower_all-v3like_k0,p0048_lower,48,lower,all,v3like,v4a,k0,False,0.0,1.1472431705638382,3,13.0,12.1548,12.1548,Al_depleted,12.414,0,0.8533,0.3577,0.1019,0.3461,0.1942,0.15,83429,MURCHISON,metabasalt,47.9842,0.28,8.2426,8.3518,0.0,23.6723,10.9895,0.4796,0.0
p0048_lower_mb_kmorb,p0048_lower,48,lower,mb,default,v4b,kmorb,False,0.1,1.1472431705638382,3,13.0,12.1548,12.1548,Al_depleted,12.414,0,0.8533,0.3577,0.1019,0.3461,0.1942,0.15,83429,MURCHISON,metabasalt,47.928830089920666,0.2796769025049451,8.233088702097357,7.507946424666859,0.9271082319270467,23.64498406845647,10.976819000278907,0.4790465801477559,0.0225
p0048_lower_ume_kmorb,p0048_lower,48,lower,ume,default,v4,kmorb,False,0.1,1.1472431705638382,3,13.0,12.1548,12.1548,Al_depleted,12.414,0,0.8533,0.3577,0.1019,0.3461,0.1942,0.15,83429,MURCHISON,metabasalt,47.928830089920666,0.2796769025049451,8.233088702097357,7.507946424666859,0.9271082319270467,23.64498406845647,10.976819000278907,0.4790465801477559,0.0225
p0048_lower_ig_kmorb,p0048_lower,48,lower,ig,default,v4,kmorb,False,0.1,1.1472431705638382,3,13.0,12.1548,12.1548,Al_depleted,12.414,0,0.8533,0.3577,0.1019,0.3461,0.1942,0.15,83429,MURCHISON,metabasalt,47.928830089920666,0.2796769025049451,8.233088702097357,7.507946424666859,0.9271082319270467,23.64498406845647,10.976819000278907,0.4790465801477559,0.0225
p0049_upper_all-v3like_k0,p0049_upper,49,upper,all,v3like,v4a,k0,False,0.0,0.514740002045371,3,13.0,13.8354,13.8354,Al_depleted,11.225,1,0.8724,0.4418,0.1229,0.3041,0.1312,0.15,83432,MURCHISON,amphibolite,50.602050602050596,0.921000921000921,10.337710337710337,12.02071202071202,0.0,13.835413835413835,12.21071221071221,0.0724000724000724,0.0
p0049_upper_mb_kmorb,p0049_upper,49,upper,mb,default,v4b;v4,kmorb,False,0.1,0.514740002045371,3,13.0,13.8354,13.8354,Al_depleted,11.225,1,0.8724,0.4418,0.1229,0.3041,0.1312,0.15,83432,MURCHISON,amphibolite,50.45860692342019,0.9183901224550414,10.308405612273052,10.787972780125715,1.3321376851331552,13.796194028463061,12.17609801114199,0.07219483698777958,0.15
p0049_lower_all-v3like_k0,p0049_lower,49,lower,all,v3like,v4a,k0,False,0.0,0.514740002045371,3,13.0,13.8354,13.8354,Al_depleted,11.225,1,0.8724,0.4418,0.1229,0.3041,0.1312,0.15,83432,MURCHISON,amphibolite,47.510847510847505,0.26750026750026745,6.261006261006259,8.560708560708559,0.0,27.721027721027713,9.331609331609329,0.3473003473003472,0.0
p0049_lower_mb_kmorb,p0049_lower,49,lower,mb,default,v4b,kmorb,False,0.1,0.514740002045371,3,13.0,13.8354,13.8354,Al_depleted,11.225,1,0.8724,0.4418,0.1229,0.3041,0.1312,0.15,83432,MURCHISON,amphibolite,47.45492091877323,0.26718538407629083,6.253636223183764,7.695568320432571,0.9502764585252897,27.688396381229374,9.32062478521987,0.3468915285596105,0.0225
p0049_lower_ume_kmorb,p0049_lower,49,lower,ume,default,v4,kmorb,False,0.1,0.514740002045371,3,13.0,13.8354,13.8354,Al_depleted,11.225,1,0.8724,0.4418,0.1229,0.3041,0.1312,0.15,83432,MURCHISON,amphibolite,47.45492091877323,0.26718538407629083,6.253636223183764,7.695568320432571,0.9502764585252897,27.688396381229374,9.32062478521987,0.3468915285596105,0.0225
p0049_lower_ig_kmorb,p0049_lower,49,lower,ig,default,v4,kmorb,False,0.1,0.514740002045371,3,13.0,13.8354,13.8354,Al_depleted,11.225,1,0.8724,0.4418,0.1229,0.3041,0.1312,0.15,83432,MURCHISON,amphibolite,47.45492091877323,0.26718538407629083,6.253636223183764,7.695568320432571,0.9502764585252897,27.688396381229374,9.32062478521987,0.3468915285596105,0.0225
p0050_upper_all-v3like_k0,p0050_upper,50,upper,all,v3like,v4a,k0,False,0.0,0.20510142110308033,3,13.0,12.127,12.127,Al_depleted,9.806,2,0.8171,0.3563,0.1016,0.3468,0.1952,0.15,179733,East Pilbara Terrane,Komatiitic basalt,48.72835127164873,1.3678986321013678,13.413786586213414,16.134083865916132,0.0,12.126987873012126,7.661392338607661,0.5674994325005674,0.0
p0050_upper_mb_kmorb,p0050_upper,50,upper,mb,default,v4b;v4,kmorb,False,0.1,0.20510142110308033,3,13.0,12.127,12.127,Al_depleted,9.806,2,0.8171,0.3563,0.1016,0.3468,0.1952,0.15,179733,East Pilbara Terrane,Komatiitic basalt,48.56800299800445,1.363397347357399,13.369646420047284,14.472892921850363,1.7871648795418165,12.08708211960171,7.636181326883528,0.5656319867134468,0.15
p0050_lower_all-v3like_k0,p0050_lower,50,lower,all,v3like,v4a,k0,False,0.0,0.20510142110308033,3,13.0,12.127,12.127,Al_depleted,9.806,2,0.8171,0.3563,0.1016,0.3468,0.1952,0.15,179733,East Pilbara Terrane,Komatiitic basalt,47.5008,0.3503,8.6071,9.8672,0.0,22.8238,10.2931,0.5577,0.0
p0050_lower_mb_kmorb,p0050_lower,50,lower,mb,default,v4b,kmorb,False,0.1,0.20510142110308033,3,13.0,12.127,12.127,Al_depleted,9.806,2,0.8171,0.3563,0.1016,0.3468,0.1952,0.15,179733,East Pilbara Terrane,Komatiitic basalt,47.43799048494483,0.349836804156481,8.59571897532186,8.868737489510552,1.09514360761972,22.793620470187527,10.279489605661075,0.5569625625979716,0.0225
p0050_lower_ume_kmorb,p0050_lower,50,lower,ume,default,v4,kmorb,False,0.1,0.20510142110308033,3,13.0,12.127,12.127,Al_depleted,9.806,2,0.8171,0.3563,0.1016,0.3468,0.1952,0.15,179733,East Pilbara Terrane,Komatiitic basalt,47.43799048494483,0.349836804156481,8.59571897532186,8.868737489510552,1.09514360761972,22.793620470187527,10.279489605661075,0.5569625625979716,0.0225
p0050_lower_ig_kmorb,p0050_lower,50,lower,ig,default,v4,kmorb,False,0.1,0.20510142110308033,3,13.0,12.127,12.127,Al_depleted,9.806,2,0.8171,0.3563,0.1016,0.3468,0.1952,0.15,179733,East Pilbara Terrane,Komatiitic basalt,47.43799048494483,0.349836804156481,8.59571897532186,8.868737489510552,1.09514360761972,22.793620470187527,10.279489605661075,0.5569625625979716,0.0225
p0051_upper_all-v3like_k0,p0051_upper,51,upper,all,v3like,v4a,k0,False,0.0,0.514740002045371,3,13.0,13.8354,13.8354,Al_depleted,11.225,3,0.8724,0.4418,0.1229,0.3041,0.1312,0.15,83432,MURCHISON,amphibolite,50.602050602050596,0.921000921000921,10.337710337710337,12.02071202071202,0.0,13.835413835413835,12.21071221071221,0.0724000724000724,0.0
p0051_upper_mb_kmorb,p0051_upper,51,upper,mb,default,v4b;v4,kmorb,False,0.1,0.514740002045371,3,13.0,13.8354,13.8354,Al_depleted,11.225,3,0.8724,0.4418,0.1229,0.3041,0.1312,0.15,83432,MURCHISON,amphibolite,50.45860692342019,0.9183901224550414,10.308405612273052,10.787972780125715,1.3321376851331552,13.796194028463061,12.17609801114199,0.07219483698777958,0.15
p0051_lower_all-v3like_k0,p0051_lower,51,lower,all,v3like,v4a,k0,False,0.0,0.514740002045371,3,13.0,13.8354,13.8354,Al_depleted,11.225,3,0.8724,0.4418,0.1229,0.3041,0.1312,0.15,83432,MURCHISON,amphibolite,47.510847510847505,0.26750026750026745,6.261006261006259,8.560708560708559,0.0,27.721027721027713,9.331609331609329,0.3473003473003472,0.0
p0051_lower_mb_kmorb,p0051_lower,51,lower,mb,default,v4b,kmorb,False,0.1,0.514740002045371,3,13.0,13.8354,13.8354,Al_depleted,11.225,3,0.8724,0.4418,0.1229,0.3041,0.1312,0.15,83432,MURCHISON,amphibolite,47.45492091877323,0.26718538407629083,6.253636223183764,7.695568320432571,0.9502764585252897,27.688396381229374,9.32062478521987,0.3468915285596105,0.0225
p0051_lower_ume_kmorb,p0051_lower,51,lower,ume,default,v4,kmorb,False,0.1,0.514740002045371,3,13.0,13.8354,13.8354,Al_depleted,11.225,3,0.8724,0.4418,0.1229,0.3041,0.1312,0.15,83432,MURCHISON,amphibolite,47.45492091877323,0.26718538407629083,6.253636223183764,7.695568320432571,0.9502764585252897,27.688396381229374,9.32062478521987,0.3468915285596105,0.0225
p0051_lower_ig_kmorb,p0051_lower,51,lower,ig,default,v4,kmorb,False,0.1,0.514740002045371,3,13.0,13.8354,13.8354,Al_depleted,11.225,3,0.8724,0.4418,0.1229,0.3041,0.1312,0.15,83432,MURCHISON,amphibolite,47.45492091877323,0.26718538407629083,6.253636223183764,7.695568320432571,0.9502764585252897,27.688396381229374,9.32062478521987,0.3468915285596105,0.0225
p0052_upper_all-v3like_k0,p0052_upper,52,upper,all,v3like,v4a,k0,False,0.0,1.1735440189361415,3,13.0,12.479,12.479,Al_depleted,14.841,4,0.8706,0.3739,0.106,0.338,0.182,0.15,209690,MURCHISON,amphibolite,52.926147073852924,0.7186992813007187,10.666489333510665,11.022388977611019,0.0,12.478987521012478,11.135188864811134,1.052098947901052,0.0
p0052_upper_mb_kmorb,p0052_upper,52,upper,mb,default,v4b;v4,kmorb,False,0.1,1.1735440189361415,3,13.0,12.479,12.479,Al_depleted,14.841,4,0.8706,0.3739,0.106,0.338,0.182,0.15,209690,MURCHISON,amphibolite,52.781974883677606,0.716741525915314,10.637433541360368,9.893127335082873,1.2216389506621705,12.444994437035206,11.10485632304467,1.049233003221792,0.15
p0052_lower_all-v3like_k0,p0052_lower,52,lower,all,v3like,v4a,k0,False,0.0,1.1735440189361415,3,13.0,12.479,12.479,Al_depleted,14.841,4,0.8706,0.3739,0.106,0.338,0.182,0.15,209690,MURCHISON,amphibolite,48.2885,0.2495,7.8063,7.8207,0.0,24.7566,10.4759,0.6025,0.0
p0052_lower_mb_kmorb,p0052_lower,52,lower,mb,default,v4b,kmorb,False,0.1,1.1735440189361415,3,13.0,12.479,12.479,Al_depleted,14.841,4,0.8706,0.3739,0.106,0.338,0.182,0.15,209690,MURCHISON,amphibolite,48.2356289204605,0.2492268224454041,7.797752881986204,7.030923403883345,0.8682037133846511,24.72949399820397,10.464429936897028,0.6018403227389016,0.0225
p0052_lower_ume_kmorb,p0052_lower,52,lower,ume,default,v4,kmorb,False,0.1,1.1735440189361415,3,13.0,12.479,12.479,Al_depleted,14.841,4,0.8706,0.3739,0.106,0.338,0.182,0.15,209690,MURCHISON,amphibolite,48.2356289204605,0.2492268224454041,7.797752881986204,7.030923403883345,0.8682037133846511,24.72949399820397,10.464429936897028,0.6018403227389016,0.0225
p0052_lower_ig_kmorb,p0052_lower,52,lower,ig,default,v4,kmorb,False,0.1,1.1735440189361415,3,13.0,12.479,12.479,Al_depleted,14.841,4,0.8706,0.3739,0.106,0.338,0.182,0.15,209690,MURCHISON,amphibolite,48.2356289204605,0.2492268224454041,7.797752881986204,7.030923403883345,0.8682037133846511,24.72949399820397,10.464429936897028,0.6018403227389016,0.0225
p0053_upper_all-v3like_k0,p0053_upper,53,upper,all,v3like,v4a,k0,False,0.0,1.8753415317796827,3,13.0,12.2819,12.2819,Al_depleted,4.632,5,0.8547,0.3641,0.1035,0.343,0.1894,0.15,182780,SOUTHERN CROSS,metabasalt,53.81514618485381,1.6628983371016628,7.701692298307701,12.409087590912408,0.0,12.281887718112282,11.991688008311991,0.1375998624001376,0.0
p0053_upper_mb_kmorb,p0053_upper,53,upper,mb,default,v4b;v4,kmorb,False,0.1,1.8753415317796827,3,13.0,12.2819,12.2819,Al_depleted,4.632,5,0.8547,0.3641,0.1035,0.343,0.1894,0.15,182780,SOUTHERN CROSS,metabasalt,53.660276694944585,1.6581128401645513,7.679528330684541,11.13603899236114,1.375118153075619,12.246542841792653,11.957178270131246,0.13720387684565652,0.15
p0053_lower_all-v3like_k0,p0053_lower,53,lower,all,v3like,v4a,k0,False,0.0,1.8753415317796827,3,13.0,12.2819,12.2819,Al_depleted,4.632,5,0.8547,0.3641,0.1035,0.343,0.1894,0.15,182780,SOUTHERN CROSS,metabasalt,48.4023484023484,0.39310039310039313,7.5783075783075775,8.380908380908382,0.0,23.97022397022397,10.794310794310794,0.4808004808004808,0.0
p0053_lower_mb_kmorb,p0053_lower,53,lower,mb,default,v4b,kmorb,False,0.1,1.8753415317796827,3,13.0,12.2819,12.2819,Al_depleted,4.632,5,0.8547,0.3641,0.1035,0.343,0.1894,0.15,182780,SOUTHERN CROSS,metabasalt,48.34633942384224,0.39264551534766706,7.569538308214767,7.534089340166718,0.9303364531736531,23.942486725989948,10.781820112738037,0.48024412052698634,0.0225
p0053_lower_ume_kmorb,p0053_lower,53,lower,ume,default,v4,kmorb,False,0.1,1.8753415317796827,3,13.0,12.2819,12.2819,Al_depleted,4.632,5,0.8547,0.3641,0.1035,0.343,0.1894,0.15,182780,SOUTHERN CROSS,metabasalt,48.34633942384224,0.39264551534766706,7.569538308214767,7.534089340166718,0.9303364531736531,23.942486725989948,10.781820112738037,0.48024412052698634,0.0225
p0053_lower_ig_kmorb,p0053_lower,53,lower,ig,default,v4,kmorb,False,0.1,1.8753415317796827,3,13.0,12.2819,12.2819,Al_depleted,4.632,5,0.8547,0.3641,0.1035,0.343,0.1894,0.15,182780,SOUTHERN CROSS,metabasalt,48.34633942384224,0.39264551534766706,7.569538308214767,7.534089340166718,0.9303364531736531,23.942486725989948,10.781820112738037,0.48024412052698634,0.0225
p0054_upper_all-v3like_k0,p0054_upper,54,upper,all,v3like,v4a,k0,False,0.0,1.6726362813135691,3,13.0,12.6261,12.6261,Al_depleted,9.484,6,0.851,0.3813,0.1078,0.3343,0.1765,0.15,83533,MURCHISON,metabasalt,52.607,1.0037,9.5198,13.138800000000002,0.0,12.6261,11.0412,0.0634,0.0
p0054_upper_mb_kmorb,p0054_upper,54,upper,mb,default,v4b;v4,kmorb,False,0.1,1.6726362813135691,3,13.0,12.6261,12.6261,Al_depleted,9.484,6,0.851,0.3813,0.1078,0.3343,0.1765,0.15,83533,MURCHISON,metabasalt,52.451351254483335,1.0007303448994416,9.491633692710675,11.789933515999108,1.4558634010285136,12.58874305841869,11.008532314539917,0.06321241792031941,0.15
p0054_lower_all-v3like_k0,p0054_lower,54,lower,all,v3like,v4a,k0,False,0.0,1.6726362813135691,3,13.0,12.6261,12.6261,Al_depleted,9.484,6,0.851,0.3813,0.1078,0.3343,0.1765,0.15,83533,MURCHISON,metabasalt,48.08484808484808,0.29100029100029096,7.471707471707472,8.785408785408785,0.0,24.604624604624608,10.32011032011032,0.44230044230044235,0.0
p0054_lower_mb_kmorb,p0054_lower,54,lower,mb,default,v4b,kmorb,False,0.1,1.6726362813135691,3,13.0,12.6261,12.6261,Al_depleted,9.484,6,0.851,0.3813,0.1078,0.3343,0.1765,0.15,83533,MURCHISON,metabasalt,48.02704528203545,0.2906504795085415,7.462725731078933,7.897363059817547,0.9751947988358608,24.575047381841443,10.307704514007213,0.44176875287501,0.0225
p0054_lower_ume_kmorb,p0054_lower,54,lower,ume,default,v4,kmorb,False,0.1,1.6726362813135691,3,13.0,12.6261,12.6261,Al_depleted,9.484,6,0.851,0.3813,0.1078,0.3343,0.1765,0.15,83533,MURCHISON,metabasalt,48.02704528203545,0.2906504795085415,7.462725731078933,7.897363059817547,0.9751947988358608,24.575047381841443,10.307704514007213,0.44176875287501,0.0225
p0054_lower_ig_kmorb,p0054_lower,54,lower,ig,default,v4,kmorb,False,0.1,1.6726362813135691,3,13.0,12.6261,12.6261,Al_depleted,9.484,6,0.851,0.3813,0.1078,0.3343,0.1765,0.15,83533,MURCHISON,metabasalt,48.02704528203545,0.2906504795085415,7.462725731078933,7.897363059817547,0.9751947988358608,24.575047381841443,10.307704514007213,0.44176875287501,0.0225
p0055_upper_all-v3like_k0,p0055_upper,55,upper,all,v3like,v4a,k0,False,0.0,0.8431391444046059,3,13.0,13.8434,13.8434,Al_depleted,13.576,7,0.88,0.4422,0.123,0.3039,0.1309,0.15,212087,Youanmi,amphibolite,52.5117,0.6118,8.3061,11.2154,0.0,13.8434,12.5161,0.9955,0.0
p0055_upper_mb_kmorb,p0055_upper,55,upper,mb,default,v4b;v4,kmorb,False,0.1,0.8431391444046059,3,13.0,13.8434,13.8434,Al_depleted,13.576,7,0.88,0.4422,0.123,0.3039,0.1309,0.15,212087,Youanmi,amphibolite,52.3675326586988,0.6101203442393205,8.283296160977804,10.066147986112307,1.2430041630371218,13.805393876172948,12.481737889071198,0.992766921690493,0.15
p0055_lower_all-v3like_k0,p0055_lower,55,lower,all,v3like,v4a,k0,False,0.0,0.8431391444046059,3,13.0,13.8434,13.8434,Al_depleted,13.576,7,0.88,0.4422,0.123,0.3039,0.1309,0.15,212087,Youanmi,amphibolite,47.844052155947836,0.220999779000221,5.946994053005946,8.182091817908182,0.0,27.950872049127952,9.36969063030937,0.48529951470048527,0.0
p0055_lower_mb_kmorb,p0055_lower,55,lower,mb,default,v4b,kmorb,False,0.1,0.8431391444046059,3,13.0,13.8434,13.8434,Al_depleted,13.576,7,0.88,0.4422,0.123,0.3039,0.1309,0.15,212087,Youanmi,amphibolite,47.78974622850137,0.22074893072497556,5.9402438507757,7.355524178625975,0.9082865846961817,27.91914609864579,9.359055457981011,0.48474867004900746,0.0225
p0055_lower_ume_kmorb,p0055_lower,55,lower,ume,default,v4,kmorb,False,0.1,0.8431391444046059,3,13.0,13.8434,13.8434,Al_depleted,13.576,7,0.88,0.4422,0.123,0.3039,0.1309,0.15,212087,Youanmi,amphibolite,47.78974622850137,0.22074893072497556,5.9402438507757,7.355524178625975,0.9082865846961817,27.91914609864579,9.359055457981011,0.48474867004900746,0.0225
p0055_lower_ig_kmorb,p0055_lower,55,lower,ig,default,v4,kmorb,False,0.1,0.8431391444046059,3,13.0,13.8434,13.8434,Al_depleted,13.576,7,0.88,0.4422,0.123,0.3039,0.1309,0.15,212087,Youanmi,amphibolite,47.78974622850137,0.22074893072497556,5.9402438507757,7.355524178625975,0.9082865846961817,27.91914609864579,9.359055457981011,0.48474867004900746,0.0225
p0056_upper_all-v3like_k0,p0056_upper,56,upper,all,v3like,v4a,k0,False,0.0,0.12297136697799874,3,13.0,12.6714,12.6714,Al_undepleted,20.472,0,0.876,0.3836,0.1084,0.3332,0.1748,0.15,204001,Kalgoorlie,basalt,51.198548801451196,0.5437994562005437,11.132388867611132,10.653889346110654,0.0,12.67138732861267,11.953188046811952,1.8467981532018467,0.0
p0056_upper_mb_kmorb,p0056_upper,56,upper,mb,default,v4b;v4,kmorb,False,0.1,0.12297136697799874,3,13.0,12.6714,12.6714,Al_undepleted,20.472,0,0.876,0.3836,0.1084,0.3332,0.1748,0.15,204001,Kalgoorlie,basalt,51.06117527408417,0.5423403591904264,11.102518967729873,9.562773000185725,1.180845609046188,12.637388060767876,11.921115817350142,1.8418429116456045,0.15
p0056_lower_all-v3like_k0,p0056_lower,56,lower,all,v3like,v4a,k0,False,0.0,0.12297136697799874,3,13.0,12.6714,12.6714,Al_undepleted,20.472,0,0.876,0.3836,0.1084,0.3332,0.1748,0.15,204001,Kalgoorlie,basalt,47.997052002947996,0.22149977850022148,7.663992336007663,7.695292304707694,0.0,25.3021746978253,10.413489586510414,0.7064992935007065,0.0
p0056_lower_mb_kmorb,p0056_lower,56,lower,mb,default,v4b,kmorb,False,0.1,0.12297136697799874,3,13.0,12.6714,12.6714,Al_undepleted,20.472,0,0.876,0.3836,0.1084,0.3332,0.1748,0.15,204001,Kalgoorlie,basalt,47.94516897493164,0.22126034547810924,7.655707845346407,6.918276581949997,0.8542936786018095,25.274823988064178,10.402232991585963,0.705735594041915,0.0225
p0056_lower_ume_kmorb,p0056_lower,56,lower,ume,default,v4,kmorb,False,0.1,0.12297136697799874,3,13.0,12.6714,12.6714,Al_undepleted,20.472,0,0.876,0.3836,0.1084,0.3332,0.1748,0.15,204001,Kalgoorlie,basalt,47.94516897493164,0.22126034547810924,7.655707845346407,6.918276581949997,0.8542936786018095,25.274823988064178,10.402232991585963,0.705735594041915,0.0225
p0056_lower_ig_kmorb,p0056_lower,56,lower,ig,default,v4,kmorb,False,0.1,0.12297136697799874,3,13.0,12.6714,12.6714,Al_undepleted,20.472,0,0.876,0.3836,0.1084,0.3332,0.1748,0.15,204001,Kalgoorlie,basalt,47.94516897493164,0.22126034547810924,7.655707845346407,6.918276581949997,0.8542936786018095,25.274823988064178,10.402232991585963,0.705735594041915,0.0225
p0057_upper_all-v3like_k0,p0057_upper,57,upper,all,v3like,v4a,k0,False,0.0,0.0775841070425649,3,13.0,12.537,12.537,Al_undepleted,19.04,1,0.8783,0.3768,0.1067,0.3366,0.1799,0.15,182274,Kalgoorlie,metabasalt,52.78674721325278,0.62009937990062,11.807088192911806,10.325989674010327,0.0,12.536987463012537,8.572991427008573,3.35009664990335,0.0
p0057_upper_mb_kmorb,p0057_upper,57,upper,mb,default,v4b;v4,kmorb,False,0.1,0.0775841070425649,3,13.0,12.537,12.537,Al_undepleted,19.04,1,0.8783,0.3768,0.1067,0.3366,0.1799,0.15,182274,Kalgoorlie,metabasalt,52.64703229905978,0.618458113176911,11.7758374263685,9.268793144651355,1.1445439189873476,12.503804813576737,8.550300603556941,3.3412296806224315,0.15
p0057_lower_all-v3like_k0,p0057_lower,57,lower,all,v3like,v4a,k0,False,0.0,0.0775841070425649,3,13.0,12.537,12.537,Al_undepleted,19.04,1,0.8783,0.3768,0.1067,0.3366,0.1799,0.15,182274,Kalgoorlie,metabasalt,48.290951709048294,0.23419976580023422,7.913592086407914,7.518792481207519,0.0,25.064274935725066,10.035189964810035,0.942999057000943,0.0
p0057_lower_mb_kmorb,p0057_lower,57,lower,mb,default,v4b,kmorb,False,0.1,0.0775841070425649,3,13.0,12.537,12.537,Al_undepleted,19.04,1,0.8783,0.3768,0.1067,0.3366,0.1799,0.15,182274,Kalgoorlie,metabasalt,48.239698261996544,0.23395119862830738,7.90519302077273,6.75973119138286,0.8347159234588106,25.037673047734778,10.02453914805632,0.9419982079696577,0.0225
p0057_lower_ume_kmorb,p0057_lower,57,lower,ume,default,v4,kmorb,False,0.1,0.0775841070425649,3,13.0,12.537,12.537,Al_undepleted,19.04,1,0.8783,0.3768,0.1067,0.3366,0.1799,0.15,182274,Kalgoorlie,metabasalt,48.239698261996544,0.23395119862830738,7.90519302077273,6.75973119138286,0.8347159234588106,25.037673047734778,10.02453914805632,0.9419982079696577,0.0225
p0057_lower_ig_kmorb,p0057_lower,57,lower,ig,default,v4,kmorb,False,0.1,0.0775841070425649,3,13.0,12.537,12.537,Al_undepleted,19.04,1,0.8783,0.3768,0.1067,0.3366,0.1799,0.15,182274,Kalgoorlie,metabasalt,48.239698261996544,0.23395119862830738,7.90519302077273,6.75973119138286,0.8347159234588106,25.037673047734778,10.02453914805632,0.9419982079696577,0.0225
p0058_upper_all-v3like_k0,p0058_upper,58,upper,all,v3like,v4a,k0,False,0.0,1.0038653939429016,3,13.0,12.241,12.241,Al_undepleted,20.12,2,0.8693,0.362,0.103,0.344,0.191,0.15,83213,MURCHISON,metakomatiite,52.6269,0.5174,10.4095,10.9399,0.0,12.241,13.1929,0.0724,0.0
p0058_upper_mb_kmorb,p0058_upper,58,upper,mb,default,v4b;v4,kmorb,False,0.1,1.0038653939429016,3,13.0,12.241,12.241,Al_undepleted,20.12,2,0.8693,0.362,0.103,0.344,0.191,0.15,83213,MURCHISON,metakomatiite,52.48402445939999,0.5159953228347774,10.381239491783179,9.819179569099662,1.2125076145153904,12.207767195246447,13.157082904188126,0.07220344293242732,0.15
p0058_lower_all-v3like_k0,p0058_lower,58,lower,all,v3like,v4a,k0,False,0.0,1.0038653939429016,3,13.0,12.241,12.241,Al_undepleted,20.12,2,0.8693,0.362,0.103,0.344,0.191,0.15,83213,MURCHISON,metakomatiite,48.31385168614831,0.22149977850022148,8.03019196980803,7.730992269007731,0.0,24.215075784924213,11.014088985911012,0.4742995257004743,0.0
p0058_lower_mb_kmorb,p0058_lower,58,lower,mb,default,v4b,kmorb,False,0.1,1.0038653939429016,3,13.0,12.241,12.241,Al_undepleted,20.12,2,0.8693,0.362,0.103,0.344,0.191,0.15,83213,MURCHISON,metakomatiite,48.26143452120039,0.22125946666375285,8.021479770669382,6.9503442126398465,0.8582535049923227,24.188804113812377,11.002139466280994,0.47378494374093894,0.0225
p0058_lower_ume_kmorb,p0058_lower,58,lower,ume,default,v4,kmorb,False,0.1,1.0038653939429016,3,13.0,12.241,12.241,Al_undepleted,20.12,2,0.8693,0.362,0.103,0.344,0.191,0.15,83213,MURCHISON,metakomatiite,48.26143452120039,0.22125946666375285,8.021479770669382,6.9503442126398465,0.8582535049923227,24.188804113812377,11.002139466280994,0.47378494374093894,0.0225
p0058_lower_ig_kmorb,p0058_lower,58,lower,ig,default,v4,kmorb,False,0.1,1.0038653939429016,3,13.0,12.241,12.241,Al_undepleted,20.12,2,0.8693,0.362,0.103,0.344,0.191,0.15,83213,MURCHISON,metakomatiite,48.26143452120039,0.22125946666375285,8.021479770669382,6.9503442126398465,0.8582535049923227,24.188804113812377,11.002139466280994,0.47378494374093894,0.0225
p0059_upper_all-v3like_k0,p0059_upper,59,upper,all,v3like,v4a,k0,False,0.0,1.423818387776938,3,13.0,12.7233,12.7233,Al_undepleted,20.825,3,0.8779,0.3862,0.109,0.3319,0.1729,0.15,204106,Kalgoorlie,Variolitic metabasalt,53.144853144853144,0.6054006054006055,12.606512606512608,10.511910511910513,0.0,12.723312723312723,8.517608517608517,1.8904018904018904,0.0
p0059_upper_mb_kmorb,p0059_upper,59,upper,mb,default,v4b;v4,kmorb,False,0.1,1.423818387776938,3,13.0,12.7233,12.7233,Al_undepleted,20.825,3,0.8779,0.3862,0.109,0.3319,0.1729,0.15,204106,Kalgoorlie,Variolitic metabasalt,53.00309435467312,0.6037857574460551,12.572885945232398,9.435483900441803,1.1651274931284379,12.689374508941844,8.494888615167689,1.8853594249686532,0.15
p0059_lower_all-v3like_k0,p0059_lower,59,lower,all,v3like,v4a,k0,False,0.0,1.423818387776938,3,13.0,12.7233,12.7233,Al_undepleted,20.825,3,0.8779,0.3862,0.109,0.3319,0.1729,0.15,204106,Kalgoorlie,Variolitic metabasalt,48.2834,0.2303,7.8281,7.640900000000001,0.0,25.4609,9.8475,0.7089,0.0
p0059_lower_mb_kmorb,p0059_lower,59,lower,mb,default,v4b,kmorb,False,0.1,1.423818387776938,3,13.0,12.7233,12.7233,Al_undepleted,20.825,3,0.8779,0.3862,0.109,0.3319,0.1729,0.15,204106,Kalgoorlie,Variolitic metabasalt,48.231499314660006,0.23005244643430658,7.819685436093771,6.869417994632671,0.8482604444868991,25.43353162578913,9.836914747120426,0.7081379907828048,0.0225
p0059_lower_ume_kmorb,p0059_lower,59,lower,ume,default,v4,kmorb,False,0.1,1.423818387776938,3,13.0,12.7233,12.7233,Al_undepleted,20.825,3,0.8779,0.3862,0.109,0.3319,0.1729,0.15,204106,Kalgoorlie,Variolitic metabasalt,48.231499314660006,0.23005244643430658,7.819685436093771,6.869417994632671,0.8482604444868991,25.43353162578913,9.836914747120426,0.7081379907828048,0.0225
p0059_lower_ig_kmorb,p0059_lower,59,lower,ig,default,v4,kmorb,False,0.1,1.423818387776938,3,13.0,12.7233,12.7233,Al_undepleted,20.825,3,0.8779,0.3862,0.109,0.3319,0.1729,0.15,204106,Kalgoorlie,Variolitic metabasalt,48.231499314660006,0.23005244643430658,7.819685436093771,6.869417994632671,0.8482604444868991,25.43353162578913,9.836914747120426,0.7081379907828048,0.0225
p0060_upper_all-v3like_k0,p0060_upper,60,upper,all,v3like,v4a,k0,False,0.0,1.689826455452774,3,13.0,12.7367,12.7367,Al_undepleted,22.071,4,0.8902,0.3868,0.1092,0.3316,0.1724,0.15,80685,MURCHISON,metabasalt,55.986155986155985,0.5979005979005979,13.195813195813196,9.337509337509339,0.0,12.736712736712738,7.804307804307804,0.34160034160034164,0.0
p0060_upper_mb_kmorb,p0060_upper,60,upper,mb,default,v4b;v4,kmorb,False,0.1,1.689826455452774,3,13.0,12.7367,12.7367,Al_undepleted,22.071,4,0.8902,0.3868,0.1092,0.3316,0.1724,0.15,80685,MURCHISON,metabasalt,55.84411262177747,0.5963836548100466,13.162333888848323,8.38243709501577,1.0350934855991056,12.704398220804684,7.78450737118924,0.34073366195536364,0.15
p0060_lower_all-v3like_k0,p0060_lower,60,lower,all,v3like,v4a,k0,False,0.0,1.689826455452774,3,13.0,12.7367,12.7367,Al_undepleted,22.071,4,0.8902,0.3868,0.1092,0.3316,0.1724,0.15,80685,MURCHISON,metabasalt,48.77555122444877,0.228999771000229,7.901792098207901,7.098692901307098,0.0,25.792274207725793,9.727490272509726,0.47519952480047517,0.0
p0060_lower_mb_kmorb,p0060_lower,60,lower,mb,default,v4b,kmorb,False,0.1,1.689826455452774,3,13.0,12.7367,12.7367,Al_undepleted,22.071,4,0.8902,0.3868,0.1092,0.3316,0.1724,0.15,80685,MURCHISON,metabasalt,48.72606090307026,0.2287674154044869,7.8937745111055655,6.382341164011564,0.788114445340428,25.766103966537763,9.71762023295697,0.4747173615729789,0.0225
p0060_lower_ume_kmorb,p0060_lower,60,lower,ume,default,v4,kmorb,False,0.1,1.689826455452774,3,13.0,12.7367,12.7367,Al_undepleted,22.071,4,0.8902,0.3868,0.1092,0.3316,0.1724,0.15,80685,MURCHISON,metabasalt,48.72606090307026,0.2287674154044869,7.8937745111055655,6.382341164011564,0.788114445340428,25.766103966537763,9.71762023295697,0.4747173615729789,0.0225
p0060_lower_ig_kmorb,p0060_lower,60,lower,ig,default,v4,kmorb,False,0.1,1.689826455452774,3,13.0,12.7367,12.7367,Al_undepleted,22.071,4,0.8902,0.3868,0.1092,0.3316,0.1724,0.15,80685,MURCHISON,metabasalt,48.72606090307026,0.2287674154044869,7.8937745111055655,6.382341164011564,0.788114445340428,25.766103966537763,9.71762023295697,0.4747173615729789,0.0225
p0061_upper_all-v3like_k0,p0061_upper,61,upper,all,v3like,v4a,k0,False,0.0,1.0868428000007055,3,13.0,13.2994,13.2994,Al_undepleted,25.953,5,0.9042,0.415,0.1162,0.3175,0.1513,0.15,83210,MURCHISON,metabasalt,53.1978,0.4457,11.5683,8.3759,0.0,13.2994,13.0403,0.0726,0.0
p0061_upper_mb_kmorb,p0061_upper,61,upper,mb,default,v4b;v4,kmorb,False,0.1,1.0868428000007055,3,13.0,13.2994,13.2994,Al_undepleted,25.953,5,0.9042,0.415,0.1162,0.3175,0.1513,0.15,83210,MURCHISON,metabasalt,53.06850755784158,0.44461676645519155,11.5401842929854,7.519988819243516,0.9285952701279924,13.267077010980872,13.008606730100146,0.07242355226530606,0.15
p0061_lower_all-v3like_k0,p0061_lower,61,lower,all,v3like,v4a,k0,False,0.0,1.0868428000007055,3,13.0,13.2994,13.2994,Al_undepleted,25.953,5,0.9042,0.415,0.1162,0.3175,0.1513,0.15,83210,MURCHISON,metabasalt,48.26855173144826,0.200999799000201,7.036792963207037,6.72099327900672,0.0,27.410572589427407,9.972090027909971,0.38999961000039,0.0
p0061_lower_mb_kmorb,p0061_lower,61,lower,mb,default,v4b,kmorb,False,0.1,1.0868428000007055,3,13.0,13.2994,13.2994,Al_undepleted,25.953,5,0.9042,0.415,0.1162,0.3175,0.1513,0.15,83210,MURCHISON,metabasalt,48.221602329505735,0.20080429240190628,7.029948481461363,6.043010369700949,0.7462126582261607,27.383911130903936,9.962390468960445,0.3896202688395196,0.0225
p0061_lower_ume_kmorb,p0061_lower,61,lower,ume,default,v4,kmorb,False,0.1,1.0868428000007055,3,13.0,13.2994,13.2994,Al_undepleted,25.953,5,0.9042,0.415,0.1162,0.3175,0.1513,0.15,83210,MURCHISON,metabasalt,48.221602329505735,0.20080429240190628,7.029948481461363,6.043010369700949,0.7462126582261607,27.383911130903936,9.962390468960445,0.3896202688395196,0.0225
p0061_lower_ig_kmorb,p0061_lower,61,lower,ig,default,v4,kmorb,False,0.1,1.0868428000007055,3,13.0,13.2994,13.2994,Al_undepleted,25.953,5,0.9042,0.415,0.1162,0.3175,0.1513,0.15,83210,MURCHISON,metabasalt,48.221602329505735,0.20080429240190628,7.029948481461363,6.043010369700949,0.7462126582261607,27.383911130903936,9.962390468960445,0.3896202688395196,0.0225
p0062_upper_all-v3like_k0,p0062_upper,62,upper,all,v3like,v4a,k0,False,0.0,0.2151910096885141,3,13.0,12.3231,12.3231,Al_undepleted,24.9,6,0.8742,0.3662,0.104,0.3419,0.1879,0.15,204524,Kalgoorlie,amphibolite derived from volcanic rock,50.21685021685022,0.5135005135005135,12.785312785312785,10.533910533910534,0.0,12.323112323112323,12.528512528512527,1.0988010988010988,0.0
p0062_upper_mb_kmorb,p0062_upper,62,upper,mb,default,v4b;v4,kmorb,False,0.1,0.2151910096885141,3,13.0,12.3231,12.3231,Al_undepleted,24.9,6,0.8742,0.3662,0.104,0.3419,0.1879,0.15,204524,Kalgoorlie,amphibolite derived from volcanic rock,50.08277904611139,0.512129547087393,12.751177990996,9.455207969732232,1.1675630921553806,12.290211532059695,12.495063350894652,1.0958674709632472,0.15
p0062_lower_all-v3like_k0,p0062_lower,62,lower,all,v3like,v4a,k0,False,0.0,0.2151910096885141,3,13.0,12.3231,12.3231,Al_undepleted,24.9,6,0.8742,0.3662,0.104,0.3419,0.1879,0.15,204524,Kalgoorlie,amphibolite derived from volcanic rock,47.951747951747954,0.2201002201002201,8.296308296308297,7.568407568407569,0.0,24.506324506324507,10.835210835210836,0.6219006219006219,0.0
p0062_lower_mb_kmorb,p0062_lower,62,lower,mb,default,v4b,kmorb,False,0.1,0.2151910096885141,3,13.0,12.3231,12.3231,Al_undepleted,24.9,6,0.8742,0.3662,0.104,0.3419,0.1879,0.15,204524,Kalgoorlie,amphibolite derived from volcanic rock,47.9005900997408,0.2198654037490423,8.2874572881562,6.804299816269089,0.8402194175809766,24.480179663312835,10.823651170838815,0.6212371403522462,0.0225
p0062_lower_ume_kmorb,p0062_lower,62,lower,ume,default,v4,kmorb,False,0.1,0.2151910096885141,3,13.0,12.3231,12.3231,Al_undepleted,24.9,6,0.8742,0.3662,0.104,0.3419,0.1879,0.15,204524,Kalgoorlie,amphibolite derived from volcanic rock,47.9005900997408,0.2198654037490423,8.2874572881562,6.804299816269089,0.8402194175809766,24.480179663312835,10.823651170838815,0.6212371403522462,0.0225
p0062_lower_ig_kmorb,p0062_lower,62,lower,ig,default,v4,kmorb,False,0.1,0.2151910096885141,3,13.0,12.3231,12.3231,Al_undepleted,24.9,6,0.8742,0.3662,0.104,0.3419,0.1879,0.15,204524,Kalgoorlie,amphibolite derived from volcanic rock,47.9005900997408,0.2198654037490423,8.2874572881562,6.804299816269089,0.8402194175809766,24.480179663312835,10.823651170838815,0.6212371403522462,0.0225
p0063_upper_all-v3like_k0,p0063_upper,63,upper,all,v3like,v4a,k0,False,0.0,0.8195523159749911,3,13.0,12.6067,12.6067,Al_undepleted,21.176,7,0.8827,0.3803,0.1076,0.3348,0.1772,0.15,204604,Kalgoorlie,metabasalt,53.28735328735329,0.5403005403005403,11.441411441411441,9.951809951809953,0.0,12.606712606712607,9.64050964050964,2.531902531902532,0.0
p0063_upper_mb_kmorb,p0063_upper,63,upper,mb,default,v4b;v4,kmorb,False,0.1,0.8195523159749911,3,13.0,12.6067,12.6067,Al_undepleted,21.176,7,0.8827,0.3803,0.1076,0.3348,0.1772,0.15,204604,Kalgoorlie,metabasalt,53.148525311470614,0.5388929111774771,11.411603468343486,8.933294514363158,1.103115341271539,12.57386870875643,9.615393503991239,2.5253062406260485,0.15
p0063_lower_all-v3like_k0,p0063_lower,63,lower,all,v3like,v4a,k0,False,0.0,0.8195523159749911,3,13.0,12.6067,12.6067,Al_undepleted,21.176,7,0.8827,0.3803,0.1076,0.3348,0.1772,0.15,204604,Kalgoorlie,metabasalt,48.368751631248365,0.22159977840022158,7.781692218307781,7.361092638907361,0.0,25.32387467612532,10.128389871610127,0.8145991854008146,0.0
p0063_lower_mb_kmorb,p0063_lower,63,lower,mb,default,v4b,kmorb,False,0.1,0.8195523159749911,3,13.0,12.6067,12.6067,Al_undepleted,21.176,7,0.8827,0.3803,0.1076,0.3348,0.1772,0.15,204604,Kalgoorlie,metabasalt,48.318263382591184,0.22136846821881473,7.773569535822881,6.618068087838291,0.8172228538459263,25.29744112060669,10.117817660232143,0.8137488908440725,0.0225
p0063_lower_ume_kmorb,p0063_lower,63,lower,ume,default,v4,kmorb,False,0.1,0.8195523159749911,3,13.0,12.6067,12.6067,Al_undepleted,21.176,7,0.8827,0.3803,0.1076,0.3348,0.1772,0.15,204604,Kalgoorlie,metabasalt,48.318263382591184,0.22136846821881473,7.773569535822881,6.618068087838291,0.8172228538459263,25.29744112060669,10.117817660232143,0.8137488908440725,0.0225
p0063_lower_ig_kmorb,p0063_lower,63,lower,ig,default,v4,kmorb,False,0.1,0.8195523159749911,3,13.0,12.6067,12.6067,Al_undepleted,21.176,7,0.8827,0.3803,0.1076,0.3348,0.1772,0.15,204604,Kalgoorlie,metabasalt,48.318263382591184,0.22136846821881473,7.773569535822881,6.618068087838291,0.8172228538459263,25.29744112060669,10.117817660232143,0.8137488908440725,0.0225
p0064_upper_all-v3like_k0,p0064_upper,64,upper,all,v3like,v4a,k0,False,0.0,0.04504864431186011,4,15.0,14.3665,14.3665,Al_depleted,14.196,0,0.8949,0.4683,0.1296,0.2908,0.1113,0.15,180220,East Pilbara Terrane,Komatiitic basalt,54.33955433955434,0.6907006907006907,9.805109805109804,10.02981002981003,0.0,14.366514366514368,7.646007646007646,3.1223031223031223,0.0
p0064_upper_mb_kmorb,p0064_upper,64,upper,mb,default,v4b;v4,kmorb,False,0.1,0.04504864431186011,4,15.0,14.3665,14.3665,Al_depleted,14.196,0,0.8949,0.4683,0.1296,0.2908,0.1113,0.15,180220,East Pilbara Terrane,Komatiitic basalt,54.19751488406806,0.6888952517123972,9.779479995027112,9.00323358341176,1.1117516691008429,14.328961392393449,7.6260215644896325,3.1141416597967537,0.15
p0064_lower_all-v3like_k0,p0064_lower,64,lower,all,v3like,v4a,k0,False,0.0,0.04504864431186011,4,15.0,14.3665,14.3665,Al_depleted,14.196,0,0.8949,0.4683,0.1296,0.2908,0.1113,0.15,180220,East Pilbara Terrane,Komatiitic basalt,48.05494805494805,0.22800022800022796,5.595405595405594,7.689207689207687,0.0,29.53452953452953,8.134908134908134,0.7630007630007628,0.0
p0064_lower_mb_kmorb,p0064_lower,64,lower,mb,default,v4b,kmorb,False,0.1,0.04504864431186011,4,15.0,14.3665,14.3665,Al_depleted,14.196,0,0.8949,0.4683,0.1296,0.2908,0.1113,0.15,180220,East Pilbara Terrane,Komatiitic basalt,48.003034939410156,0.22775392241343786,5.58936095382522,6.912811027189762,0.8536187722394499,29.50262377859509,8.126120102811736,0.7621765035151451,0.0225
p0064_lower_ume_kmorb,p0064_lower,64,lower,ume,default,v4,kmorb,False,0.1,0.04504864431186011,4,15.0,14.3665,14.3665,Al_depleted,14.196,0,0.8949,0.4683,0.1296,0.2908,0.1113,0.15,180220,East Pilbara Terrane,Komatiitic basalt,48.003034939410156,0.22775392241343786,5.58936095382522,6.912811027189762,0.8536187722394499,29.50262377859509,8.126120102811736,0.7621765035151451,0.0225
p0064_lower_ig_kmorb,p0064_lower,64,lower,ig,default,v4,kmorb,False,0.1,0.04504864431186011,4,15.0,14.3665,14.3665,Al_depleted,14.196,0,0.8949,0.4683,0.1296,0.2908,0.1113,0.15,180220,East Pilbara Terrane,Komatiitic basalt,48.003034939410156,0.22775392241343786,5.58936095382522,6.912811027189762,0.8536187722394499,29.50262377859509,8.126120102811736,0.7621765035151451,0.0225
p0065_upper_all-v3like_k0,p0065_upper,65,upper,all,v3like,v4a,k0,False,0.0,0.12738847282516189,4,15.0,14.1369,14.1369,Al_depleted,4.592,1,0.856,0.4568,0.1267,0.2966,0.1199,0.15,99938,Kalgoorlie,Komatiitic basalt,48.8945488945489,1.7963017963017964,8.248308248308248,14.126314126314126,0.0,14.136914136914138,12.223612223612223,0.5740005740005739,0.0
p0065_upper_mb_kmorb,p0065_upper,65,upper,mb,default,v4b;v4,kmorb,False,0.1,0.12738847282516189,4,15.0,14.1369,14.1369,Al_depleted,4.592,1,0.856,0.4568,0.1267,0.2966,0.1199,0.15,99938,Kalgoorlie,Komatiitic basalt,48.744531989549635,1.79079043272409,8.223001016666544,12.674674943389903,1.5651144550538876,14.093539647262254,12.186108074066794,0.5722394412868828,0.15
p0065_lower_all-v3like_k0,p0065_lower,65,lower,all,v3like,v4a,k0,False,0.0,0.12738847282516189,4,15.0,14.1369,14.1369,Al_depleted,4.592,1,0.856,0.4568,0.1267,0.2966,0.1199,0.15,99938,Kalgoorlie,Komatiitic basalt,47.04854704854704,0.3961003961003961,5.614705614705615,9.598209598209598,0.0,27.900427900427903,9.043309043309044,0.3987003987003987,0.0
p0065_lower_mb_kmorb,p0065_lower,65,lower,mb,default,v4b,kmorb,False,0.1,0.12738847282516189,4,15.0,14.1369,14.1369,Al_depleted,4.592,1,0.856,0.4568,0.1267,0.2966,0.1199,0.15,99938,Kalgoorlie,Komatiitic basalt,46.987741406006606,0.3955884751037593,5.607449157195347,8.62722436649031,1.0653206984238266,27.86436932790943,9.031621451415871,0.3981851174548569,0.0225
p0065_lower_ume_kmorb,p0065_lower,65,lower,ume,default,v4,kmorb,False,0.1,0.12738847282516189,4,15.0,14.1369,14.1369,Al_depleted,4.592,1,0.856,0.4568,0.1267,0.2966,0.1199,0.15,99938,Kalgoorlie,Komatiitic basalt,46.987741406006606,0.3955884751037593,5.607449157195347,8.62722436649031,1.0653206984238266,27.86436932790943,9.031621451415871,0.3981851174548569,0.0225
p0065_lower_ig_kmorb,p0065_lower,65,lower,ig,default,v4,kmorb,False,0.1,0.12738847282516189,4,15.0,14.1369,14.1369,Al_depleted,4.592,1,0.856,0.4568,0.1267,0.2966,0.1199,0.15,99938,Kalgoorlie,Komatiitic basalt,46.987741406006606,0.3955884751037593,5.607449157195347,8.62722436649031,1.0653206984238266,27.86436932790943,9.031621451415871,0.3981851174548569,0.0225
p0066_upper_all-v3like_k0,p0066_upper,66,upper,all,v3like,v4a,k0,False,0.0,1.2632341901581632,4,15.0,14.6292,14.6292,Al_depleted,10.615,2,0.8805,0.4815,0.1329,0.2843,0.1014,0.15,81506,MURCHISON,amphibolite,53.2103,0.6816,7.2359,11.7951,0.0,14.6292,12.3011,0.1468,0.0
p0066_upper_mb_kmorb,p0066_upper,66,upper,mb,default,v4b;v4,kmorb,False,0.1,1.2632341901581632,4,15.0,14.6292,14.6292,Al_depleted,10.615,2,0.8805,0.4815,0.1329,0.2843,0.1014,0.15,81506,MURCHISON,amphibolite,53.06079384575301,0.6796848934372716,7.215569132075636,10.58576314249379,1.3071681116945884,14.588096013897498,12.266537327848036,0.14638753280016356,0.15
p0066_lower_all-v3like_k0,p0066_lower,66,lower,all,v3like,v4a,k0,False,0.0,1.2632341901581632,4,15.0,14.6292,14.6292,Al_depleted,10.615,2,0.8805,0.4815,0.1329,0.2843,0.1014,0.15,81506,MURCHISON,amphibolite,47.702847702847706,0.2242002242002242,4.92000492000492,8.599608599608601,0.0,29.676929676929678,8.58110858110858,0.29530029530029533,0.0
p0066_lower_mb_kmorb,p0066_lower,66,lower,mb,default,v4b,kmorb,False,0.1,1.2632341901581632,4,15.0,14.6292,14.6292,Al_depleted,10.615,2,0.8805,0.4815,0.1329,0.2843,0.1014,0.15,81506,MURCHISON,amphibolite,47.64648891145101,0.2239353416140628,4.914192153172118,7.730503690320542,0.9545904036677513,29.641867705380825,8.570970383249037,0.2949514111446599,0.0225
p0066_lower_ume_kmorb,p0066_lower,66,lower,ume,default,v4,kmorb,False,0.1,1.2632341901581632,4,15.0,14.6292,14.6292,Al_depleted,10.615,2,0.8805,0.4815,0.1329,0.2843,0.1014,0.15,81506,MURCHISON,amphibolite,47.64648891145101,0.2239353416140628,4.914192153172118,7.730503690320542,0.9545904036677513,29.641867705380825,8.570970383249037,0.2949514111446599,0.0225
p0066_lower_ig_kmorb,p0066_lower,66,lower,ig,default,v4,kmorb,False,0.1,1.2632341901581632,4,15.0,14.6292,14.6292,Al_depleted,10.615,2,0.8805,0.4815,0.1329,0.2843,0.1014,0.15,81506,MURCHISON,amphibolite,47.64648891145101,0.2239353416140628,4.914192153172118,7.730503690320542,0.9545904036677513,29.641867705380825,8.570970383249037,0.2949514111446599,0.0225
p0067_upper_all-v3like_k0,p0067_upper,67,upper,all,v3like,v4a,k0,False,0.0,0.04504864431186011,4,15.0,14.3665,14.3665,Al_depleted,14.196,3,0.8949,0.4683,0.1296,0.2908,0.1113,0.15,180220,East Pilbara Terrane,Komatiitic basalt,54.33955433955434,0.6907006907006907,9.805109805109804,10.02981002981003,0.0,14.366514366514368,7.646007646007646,3.1223031223031223,0.0
p0067_upper_mb_kmorb,p0067_upper,67,upper,mb,default,v4b;v4,kmorb,False,0.1,0.04504864431186011,4,15.0,14.3665,14.3665,Al_depleted,14.196,3,0.8949,0.4683,0.1296,0.2908,0.1113,0.15,180220,East Pilbara Terrane,Komatiitic basalt,54.19751488406806,0.6888952517123972,9.779479995027112,9.00323358341176,1.1117516691008429,14.328961392393449,7.6260215644896325,3.1141416597967537,0.15
p0067_lower_all-v3like_k0,p0067_lower,67,lower,all,v3like,v4a,k0,False,0.0,0.04504864431186011,4,15.0,14.3665,14.3665,Al_depleted,14.196,3,0.8949,0.4683,0.1296,0.2908,0.1113,0.15,180220,East Pilbara Terrane,Komatiitic basalt,48.05494805494805,0.22800022800022796,5.595405595405594,7.689207689207687,0.0,29.53452953452953,8.134908134908134,0.7630007630007628,0.0
p0067_lower_mb_kmorb,p0067_lower,67,lower,mb,default,v4b,kmorb,False,0.1,0.04504864431186011,4,15.0,14.3665,14.3665,Al_depleted,14.196,3,0.8949,0.4683,0.1296,0.2908,0.1113,0.15,180220,East Pilbara Terrane,Komatiitic basalt,48.003034939410156,0.22775392241343786,5.58936095382522,6.912811027189762,0.8536187722394499,29.50262377859509,8.126120102811736,0.7621765035151451,0.0225
p0067_lower_ume_kmorb,p0067_lower,67,lower,ume,default,v4,kmorb,False,0.1,0.04504864431186011,4,15.0,14.3665,14.3665,Al_depleted,14.196,3,0.8949,0.4683,0.1296,0.2908,0.1113,0.15,180220,East Pilbara Terrane,Komatiitic basalt,48.003034939410156,0.22775392241343786,5.58936095382522,6.912811027189762,0.8536187722394499,29.50262377859509,8.126120102811736,0.7621765035151451,0.0225
p0067_lower_ig_kmorb,p0067_lower,67,lower,ig,default,v4,kmorb,False,0.1,0.04504864431186011,4,15.0,14.3665,14.3665,Al_depleted,14.196,3,0.8949,0.4683,0.1296,0.2908,0.1113,0.15,180220,East Pilbara Terrane,Komatiitic basalt,48.003034939410156,0.22775392241343786,5.58936095382522,6.912811027189762,0.8536187722394499,29.50262377859509,8.126120102811736,0.7621765035151451,0.0225
p0068_upper_all-v3like_k0,p0068_upper,68,upper,all,v3like,v4a,k0,False,0.0,1.7660918825082295,4,15.0,14.4704,14.4704,Al_depleted,8.057,4,0.8724,0.4735,0.1309,0.2882,0.1074,0.15,165383,SOUTHERN CROSS,komatiitic basalt,55.492,1.0085,8.1254,12.5788,0.0,14.4704,8.2701,0.0548,0.0
p0068_upper_mb_kmorb,p0068_upper,68,upper,mb,default,v4b;v4,kmorb,False,0.1,1.7660918825082295,4,15.0,14.4704,14.4704,Al_depleted,8.057,4,0.8724,0.4735,0.1309,0.2882,0.1074,0.15,165383,SOUTHERN CROSS,komatiitic basalt,55.331260651357795,1.0055787567017649,8.10186378751068,11.28812757394164,1.3938985982186658,14.428484720849994,8.246144646305668,0.05464126511378951,0.15
p0068_lower_all-v3like_k0,p0068_lower,68,lower,all,v3like,v4a,k0,False,0.0,1.7660918825082295,4,15.0,14.4704,14.4704,Al_depleted,8.057,4,0.8724,0.4735,0.1309,0.2882,0.1074,0.15,165383,SOUTHERN CROSS,komatiitic basalt,48.0394,0.2748,5.2285,8.9479,0.0,29.0867,8.1286,0.2941,0.0
p0068_lower_mb_kmorb,p0068_lower,68,lower,mb,default,v4b,kmorb,False,0.1,1.7660918825082295,4,15.0,14.4704,14.4704,Al_depleted,8.057,4,0.8724,0.4735,0.1309,0.2882,0.1074,0.15,165383,SOUTHERN CROSS,komatiitic basalt,47.980784524916984,0.2744647016292291,5.222120423829783,8.043283964109756,0.9932136370011252,29.051209741189584,8.11868185467013,0.2937411526534071,0.0225
p0068_lower_ume_kmorb,p0068_lower,68,lower,ume,default,v4,kmorb,False,0.1,1.7660918825082295,4,15.0,14.4704,14.4704,Al_depleted,8.057,4,0.8724,0.4735,0.1309,0.2882,0.1074,0.15,165383,SOUTHERN CROSS,komatiitic basalt,47.980784524916984,0.2744647016292291,5.222120423829783,8.043283964109756,0.9932136370011252,29.051209741189584,8.11868185467013,0.2937411526534071,0.0225
p0068_lower_ig_kmorb,p0068_lower,68,lower,ig,default,v4,kmorb,False,0.1,1.7660918825082295,4,15.0,14.4704,14.4704,Al_depleted,8.057,4,0.8724,0.4735,0.1309,0.2882,0.1074,0.15,165383,SOUTHERN CROSS,komatiitic basalt,47.980784524916984,0.2744647016292291,5.222120423829783,8.043283964109756,0.9932136370011252,29.051209741189584,8.11868185467013,0.2937411526534071,0.0225
p0069_upper_all-v3like_k0,p0069_upper,69,upper,all,v3like,v4a,k0,False,0.0,0.04504864431186011,4,15.0,14.3665,14.3665,Al_depleted,14.196,5,0.8949,0.4683,0.1296,0.2908,0.1113,0.15,180220,East Pilbara Terrane,Komatiitic basalt,54.33955433955434,0.6907006907006907,9.805109805109804,10.02981002981003,0.0,14.366514366514368,7.646007646007646,3.1223031223031223,0.0
p0069_upper_mb_kmorb,p0069_upper,69,upper,mb,default,v4b;v4,kmorb,False,0.1,0.04504864431186011,4,15.0,14.3665,14.3665,Al_depleted,14.196,5,0.8949,0.4683,0.1296,0.2908,0.1113,0.15,180220,East Pilbara Terrane,Komatiitic basalt,54.19751488406806,0.6888952517123972,9.779479995027112,9.00323358341176,1.1117516691008429,14.328961392393449,7.6260215644896325,3.1141416597967537,0.15
p0069_lower_all-v3like_k0,p0069_lower,69,lower,all,v3like,v4a,k0,False,0.0,0.04504864431186011,4,15.0,14.3665,14.3665,Al_depleted,14.196,5,0.8949,0.4683,0.1296,0.2908,0.1113,0.15,180220,East Pilbara Terrane,Komatiitic basalt,48.05494805494805,0.22800022800022796,5.595405595405594,7.689207689207687,0.0,29.53452953452953,8.134908134908134,0.7630007630007628,0.0
p0069_lower_mb_kmorb,p0069_lower,69,lower,mb,default,v4b,kmorb,False,0.1,0.04504864431186011,4,15.0,14.3665,14.3665,Al_depleted,14.196,5,0.8949,0.4683,0.1296,0.2908,0.1113,0.15,180220,East Pilbara Terrane,Komatiitic basalt,48.003034939410156,0.22775392241343786,5.58936095382522,6.912811027189762,0.8536187722394499,29.50262377859509,8.126120102811736,0.7621765035151451,0.0225
p0069_lower_ume_kmorb,p0069_lower,69,lower,ume,default,v4,kmorb,False,0.1,0.04504864431186011,4,15.0,14.3665,14.3665,Al_depleted,14.196,5,0.8949,0.4683,0.1296,0.2908,0.1113,0.15,180220,East Pilbara Terrane,Komatiitic basalt,48.003034939410156,0.22775392241343786,5.58936095382522,6.912811027189762,0.8536187722394499,29.50262377859509,8.126120102811736,0.7621765035151451,0.0225
p0069_lower_ig_kmorb,p0069_lower,69,lower,ig,default,v4,kmorb,False,0.1,0.04504864431186011,4,15.0,14.3665,14.3665,Al_depleted,14.196,5,0.8949,0.4683,0.1296,0.2908,0.1113,0.15,180220,East Pilbara Terrane,Komatiitic basalt,48.003034939410156,0.22775392241343786,5.58936095382522,6.912811027189762,0.8536187722394499,29.50262377859509,8.126120102811736,0.7621765035151451,0.0225
p0070_upper_all-v3like_k0,p0070_upper,70,upper,all,v3like,v4a,k0,False,0.0,1.7660918825082295,4,15.0,14.4704,14.4704,Al_depleted,8.057,6,0.8724,0.4735,0.1309,0.2882,0.1074,0.15,165383,SOUTHERN CROSS,komatiitic basalt,55.492,1.0085,8.1254,12.5788,0.0,14.4704,8.2701,0.0548,0.0
p0070_upper_mb_kmorb,p0070_upper,70,upper,mb,default,v4b;v4,kmorb,False,0.1,1.7660918825082295,4,15.0,14.4704,14.4704,Al_depleted,8.057,6,0.8724,0.4735,0.1309,0.2882,0.1074,0.15,165383,SOUTHERN CROSS,komatiitic basalt,55.331260651357795,1.0055787567017649,8.10186378751068,11.28812757394164,1.3938985982186658,14.428484720849994,8.246144646305668,0.05464126511378951,0.15
p0070_lower_all-v3like_k0,p0070_lower,70,lower,all,v3like,v4a,k0,False,0.0,1.7660918825082295,4,15.0,14.4704,14.4704,Al_depleted,8.057,6,0.8724,0.4735,0.1309,0.2882,0.1074,0.15,165383,SOUTHERN CROSS,komatiitic basalt,48.0394,0.2748,5.2285,8.9479,0.0,29.0867,8.1286,0.2941,0.0
p0070_lower_mb_kmorb,p0070_lower,70,lower,mb,default,v4b,kmorb,False,0.1,1.7660918825082295,4,15.0,14.4704,14.4704,Al_depleted,8.057,6,0.8724,0.4735,0.1309,0.2882,0.1074,0.15,165383,SOUTHERN CROSS,komatiitic basalt,47.980784524916984,0.2744647016292291,5.222120423829783,8.043283964109756,0.9932136370011252,29.051209741189584,8.11868185467013,0.2937411526534071,0.0225
p0070_lower_ume_kmorb,p0070_lower,70,lower,ume,default,v4,kmorb,False,0.1,1.7660918825082295,4,15.0,14.4704,14.4704,Al_depleted,8.057,6,0.8724,0.4735,0.1309,0.2882,0.1074,0.15,165383,SOUTHERN CROSS,komatiitic basalt,47.980784524916984,0.2744647016292291,5.222120423829783,8.043283964109756,0.9932136370011252,29.051209741189584,8.11868185467013,0.2937411526534071,0.0225
p0070_lower_ig_kmorb,p0070_lower,70,lower,ig,default,v4,kmorb,False,0.1,1.7660918825082295,4,15.0,14.4704,14.4704,Al_depleted,8.057,6,0.8724,0.4735,0.1309,0.2882,0.1074,0.15,165383,SOUTHERN CROSS,komatiitic basalt,47.980784524916984,0.2744647016292291,5.222120423829783,8.043283964109756,0.9932136370011252,29.051209741189584,8.11868185467013,0.2937411526534071,0.0225
p0071_upper_all-v3like_k0,p0071_upper,71,upper,all,v3like,v4a,k0,False,0.0,1.4162630761619899,4,15.0,14.1058,14.1058,Al_depleted,12.863,7,0.8785,0.4553,0.1263,0.2974,0.121,0.15,83457,MURCHISON,metabasalt,52.9151,0.7599,9.7752,11.5965,0.0,14.1058,10.7746,0.0729,0.0
p0071_upper_mb_kmorb,p0071_upper,71,upper,mb,default,v4b;v4,kmorb,False,0.1,1.4162630761619899,4,15.0,14.1058,14.1058,Al_depleted,12.863,7,0.8785,0.4553,0.1263,0.2974,0.121,0.15,83457,MURCHISON,metabasalt,52.76758867819924,0.757781628241534,9.747949693889517,10.407755213465792,1.2851870522922548,14.066477288655653,10.744563668444838,0.07269677681116968,0.15
p0071_lower_all-v3like_k0,p0071_lower,71,lower,all,v3like,v4a,k0,False,0.0,1.4162630761619899,4,15.0,14.1058,14.1058,Al_depleted,12.863,7,0.8785,0.4553,0.1263,0.2974,0.121,0.15,83457,MURCHISON,metabasalt,47.8108,0.2408,5.8783,8.4114,0.0,28.4772,8.8556,0.3259,0.0
p0071_lower_mb_kmorb,p0071_lower,71,lower,mb,default,v4b,kmorb,False,0.1,1.4162630761619899,4,15.0,14.1058,14.1058,Al_depleted,12.863,7,0.8785,0.4553,0.1263,0.2974,0.121,0.15,83457,MURCHISON,metabasalt,47.7553135410685,0.2405205413983722,5.871477983812507,7.561474392551668,0.9337180579510163,28.444151002947365,8.845322701027513,0.32552177924306275,0.0225
p0071_lower_ume_kmorb,p0071_lower,71,lower,ume,default,v4,kmorb,False,0.1,1.4162630761619899,4,15.0,14.1058,14.1058,Al_depleted,12.863,7,0.8785,0.4553,0.1263,0.2974,0.121,0.15,83457,MURCHISON,metabasalt,47.7553135410685,0.2405205413983722,5.871477983812507,7.561474392551668,0.9337180579510163,28.444151002947365,8.845322701027513,0.32552177924306275,0.0225
p0071_lower_ig_kmorb,p0071_lower,71,lower,ig,default,v4,kmorb,False,0.1,1.4162630761619899,4,15.0,14.1058,14.1058,Al_depleted,12.863,7,0.8785,0.4553,0.1263,0.2974,0.121,0.15,83457,MURCHISON,metabasalt,47.7553135410685,0.2405205413983722,5.871477983812507,7.561474392551668,0.9337180579510163,28.444151002947365,8.845322701027513,0.32552177924306275,0.0225
p0072_upper_all-v3like_k0,p0072_upper,72,upper,all,v3like,v4a,k0,False,0.0,1.2757502936403784,4,15.0,14.866,14.866,Al_undepleted,24.535,0,0.8969,0.4933,0.1358,0.2784,0.0925,0.15,81448,MURCHISON,komatiite,52.00454799545201,0.45179954820045176,11.083788916211084,10.152789847210151,0.0,14.865985134014865,11.346488653511347,0.0945999054000946,0.0
p0072_upper_mb_kmorb,p0072_upper,72,upper,mb,default,v4b;v4,kmorb,False,0.1,1.2757502936403784,4,15.0,14.866,14.866,Al_undepleted,24.535,0,0.8969,0.4933,0.1358,0.2784,0.0925,0.15,81448,MURCHISON,komatiite,51.86790257709105,0.45061241475426667,11.05466552158774,9.113501443261192,1.125367941088016,14.826923766571333,11.316674997807187,0.0943513378392068,0.15
p0072_lower_all-v3like_k0,p0072_lower,72,lower,all,v3like,v4a,k0,False,0.0,1.2757502936403784,4,15.0,14.866,14.866,Al_undepleted,24.535,0,0.8969,0.4933,0.1358,0.2784,0.0925,0.15,81448,MURCHISON,komatiite,47.56614756614756,0.1875001875001875,5.2367052367052365,7.820507820507821,0.0,30.71063071063071,8.209908209908209,0.2686002686002686,0.0
p0072_lower_mb_kmorb,p0072_lower,72,lower,mb,default,v4b,kmorb,False,0.1,1.2757502936403784,4,15.0,14.866,14.866,Al_undepleted,24.535,0,0.8969,0.4933,0.1358,0.2784,0.0925,0.15,81448,MURCHISON,komatiite,47.51406840620059,0.18729489754599624,5.230971679888632,7.0307507820406245,0.8681823974185607,30.677006296405715,8.200919356601997,0.2683061838978911,0.0225
p0072_lower_ume_kmorb,p0072_lower,72,lower,ume,default,v4,kmorb,False,0.1,1.2757502936403784,4,15.0,14.866,14.866,Al_undepleted,24.535,0,0.8969,0.4933,0.1358,0.2784,0.0925,0.15,81448,MURCHISON,komatiite,47.51406840620059,0.18729489754599624,5.230971679888632,7.0307507820406245,0.8681823974185607,30.677006296405715,8.200919356601997,0.2683061838978911,0.0225
p0072_lower_ig_kmorb,p0072_lower,72,lower,ig,default,v4,kmorb,False,0.1,1.2757502936403784,4,15.0,14.866,14.866,Al_undepleted,24.535,0,0.8969,0.4933,0.1358,0.2784,0.0925,0.15,81448,MURCHISON,komatiite,47.51406840620059,0.18729489754599624,5.230971679888632,7.0307507820406245,0.8681823974185607,30.677006296405715,8.200919356601997,0.2683061838978911,0.0225
p0073_upper_all-v3like_k0,p0073_upper,73,upper,all,v3like,v4a,k0,False,0.0,1.3140909809013352,4,15.0,15.7466,15.7466,Al_undepleted,23.167,1,0.8983,0.5373,0.1468,0.2563,0.0595,0.15,83434,MURCHISON,metabasalt,52.206747793252205,0.5072994927005072,11.751788248211751,10.593289406710593,0.0,15.746584253415747,9.162590837409162,0.031699968300031696,0.0
p0073_upper_mb_kmorb,p0073_upper,73,upper,mb,default,v4b;v4,kmorb,False,0.1,1.3140909809013352,4,15.0,15.7466,15.7466,Al_undepleted,23.167,1,0.8983,0.5373,0.1468,0.2563,0.0595,0.15,83434,MURCHISON,metabasalt,52.06702004316055,0.5059417406907787,11.72033539966468,9.508443480176746,1.1741368044826013,15.704439609622346,9.138067796675198,0.03161512552709971,0.15
p0073_lower_all-v3like_k0,p0073_lower,73,lower,all,v3like,v4a,k0,False,0.0,1.3140909809013352,4,15.0,15.7466,15.7466,Al_undepleted,23.167,1,0.8983,0.5373,0.1468,0.2563,0.0595,0.15,83434,MURCHISON,metabasalt,47.3387,0.1878,4.3663,8.1607,0.0,32.7228,7.0346,0.1891,0.0
p0073_lower_mb_kmorb,p0073_lower,73,lower,mb,default,v4b,kmorb,False,0.1,1.3140909809013352,4,15.0,15.7466,15.7466,Al_undepleted,23.167,1,0.8983,0.5373,0.1468,0.2563,0.0595,0.15,83434,MURCHISON,metabasalt,47.28508021011921,0.18758728193761948,4.361354361683855,7.336310854832259,0.905914054360415,32.68573540675365,7.026632020864633,0.18888580944836977,0.0225
p0073_lower_ume_kmorb,p0073_lower,73,lower,ume,default,v4,kmorb,False,0.1,1.3140909809013352,4,15.0,15.7466,15.7466,Al_undepleted,23.167,1,0.8983,0.5373,0.1468,0.2563,0.0595,0.15,83434,MURCHISON,metabasalt,47.28508021011921,0.18758728193761948,4.361354361683855,7.336310854832259,0.905914054360415,32.68573540675365,7.026632020864633,0.18888580944836977,0.0225
p0073_lower_ig_kmorb,p0073_lower,73,lower,ig,default,v4,kmorb,False,0.1,1.3140909809013352,4,15.0,15.7466,15.7466,Al_undepleted,23.167,1,0.8983,0.5373,0.1468,0.2563,0.0595,0.15,83434,MURCHISON,metabasalt,47.28508021011921,0.18758728193761948,4.361354361683855,7.336310854832259,0.905914054360415,32.68573540675365,7.026632020864633,0.18888580944836977,0.0225
p0074_upper_all-v3like_k0,p0074_upper,74,upper,all,v3like,v4a,k0,False,0.0,1.7915067992741407,4,15.0,14.8296,14.8296,Al_undepleted,21.7,2,0.9097,0.4915,0.1354,0.2793,0.0939,0.15,81787,MURCHISON,komatiite,57.4297,0.5365,11.6426,8.7477,0.0,14.8296,6.5242,0.2897,0.0
p0074_upper_mb_kmorb,p0074_upper,74,upper,mb,default,v4b;v4,kmorb,False,0.1,1.7915067992741407,4,15.0,14.8296,14.8296,Al_undepleted,21.7,2,0.9097,0.4915,0.1354,0.2793,0.0939,0.15,81787,MURCHISON,komatiite,57.287752758078405,0.5351739492755327,11.613823339860797,7.85347071848988,0.9697748146402174,14.792946128940244,6.508074333389434,0.28898395732548343,0.15
p0074_lower_all-v3like_k0,p0074_lower,74,lower,all,v3like,v4a,k0,False,0.0,1.7915067992741407,4,15.0,14.8296,14.8296,Al_undepleted,21.7,2,0.9097,0.4915,0.1354,0.2793,0.0939,0.15,81787,MURCHISON,komatiite,48.485848485848486,0.2006002006002006,5.360805360805361,7.094307094307094,0.0,31.036831036831035,7.520807520807521,0.3008003008003008,0.0
p0074_lower_mb_kmorb,p0074_lower,74,lower,mb,default,v4b,kmorb,False,0.1,1.7915067992741407,4,15.0,14.8296,14.8296,Al_undepleted,21.7,2,0.9097,0.4915,0.1354,0.2793,0.0939,0.15,81787,MURCHISON,komatiite,48.43667574892807,0.2003967585403349,5.3553686100848825,6.378401055341118,0.7876279065485343,31.005354513781985,7.5131801676478105,0.3004952391272819,0.0225
p0074_lower_ume_kmorb,p0074_lower,74,lower,ume,default,v4,kmorb,False,0.1,1.7915067992741407,4,15.0,14.8296,14.8296,Al_undepleted,21.7,2,0.9097,0.4915,0.1354,0.2793,0.0939,0.15,81787,MURCHISON,komatiite,48.43667574892807,0.2003967585403349,5.3553686100848825,6.378401055341118,0.7876279065485343,31.005354513781985,7.5131801676478105,0.3004952391272819,0.0225
p0074_lower_ig_kmorb,p0074_lower,74,lower,ig,default,v4,kmorb,False,0.1,1.7915067992741407,4,15.0,14.8296,14.8296,Al_undepleted,21.7,2,0.9097,0.4915,0.1354,0.2793,0.0939,0.15,81787,MURCHISON,komatiite,48.43667574892807,0.2003967585403349,5.3553686100848825,6.378401055341118,0.7876279065485343,31.005354513781985,7.5131801676478105,0.3004952391272819,0.0225
p0075_upper_all-v3like_k0,p0075_upper,75,upper,all,v3like,v4a,k0,False,0.0,0.29017121490355835,4,15.0,14.239,14.239,Al_undepleted,26.163,3,0.8896,0.4619,0.128,0.294,0.116,0.15,204691,Kalgoorlie,Ultramafic,48.7451,0.4469,11.6926,10.5023,0.0,14.239,13.1477,1.2264,0.0
p0075_upper_mb_kmorb,p0075_upper,75,upper,mb,default,v4b;v4,kmorb,False,0.1,0.29017121490355835,4,15.0,14.239,14.239,Al_undepleted,26.163,3,0.8896,0.4619,0.128,0.294,0.116,0.15,204691,Kalgoorlie,Ultramafic,48.61512909346881,0.4457084136020074,11.661423577719471,9.426867587726843,1.164063519839996,14.201034014945142,13.11264378947217,1.2231300032255579,0.15
p0075_lower_all-v3like_k0,p0075_lower,75,lower,all,v3like,v4a,k0,False,0.0,0.29017121490355835,4,15.0,14.239,14.239,Al_undepleted,26.163,3,0.8896,0.4619,0.128,0.294,0.116,0.15,204691,Kalgoorlie,Ultramafic,47.21775278224721,0.19259980740019259,6.0193939806060195,7.903892096107904,0.0,29.094070905929094,9.083790916209084,0.4884995115004885,0.0
p0075_lower_mb_kmorb,p0075_lower,75,lower,mb,default,v4b,kmorb,False,0.1,0.29017121490355835,4,15.0,14.239,14.239,Al_undepleted,26.163,3,0.8896,0.4619,0.128,0.294,0.116,0.15,204691,Kalgoorlie,Ultramafic,47.16561751884218,0.19238714921341113,6.012747694575322,7.1056485451770115,0.8774310426311226,29.061946822065966,9.073761090471361,0.48796013702363106,0.0225
p0075_lower_ume_kmorb,p0075_lower,75,lower,ume,default,v4,kmorb,False,0.1,0.29017121490355835,4,15.0,14.239,14.239,Al_undepleted,26.163,3,0.8896,0.4619,0.128,0.294,0.116,0.15,204691,Kalgoorlie,Ultramafic,47.16561751884218,0.19238714921341113,6.012747694575322,7.1056485451770115,0.8774310426311226,29.061946822065966,9.073761090471361,0.48796013702363106,0.0225
p0075_lower_ig_kmorb,p0075_lower,75,lower,ig,default,v4,kmorb,False,0.1,0.29017121490355835,4,15.0,14.239,14.239,Al_undepleted,26.163,3,0.8896,0.4619,0.128,0.294,0.116,0.15,204691,Kalgoorlie,Ultramafic,47.16561751884218,0.19238714921341113,6.012747694575322,7.1056485451770115,0.8774310426311226,29.061946822065966,9.073761090471361,0.48796013702363106,0.0225
p0076_upper_all-v3like_k0,p0076_upper,76,upper,all,v3like,v4a,k0,False,0.0,1.2757502936403784,4,15.0,14.866,14.866,Al_undepleted,24.535,4,0.8969,0.4933,0.1358,0.2784,0.0925,0.15,81448,MURCHISON,komatiite,52.00454799545201,0.45179954820045176,11.083788916211084,10.152789847210151,0.0,14.865985134014865,11.346488653511347,0.0945999054000946,0.0
p0076_upper_mb_kmorb,p0076_upper,76,upper,mb,default,v4b;v4,kmorb,False,0.1,1.2757502936403784,4,15.0,14.866,14.866,Al_undepleted,24.535,4,0.8969,0.4933,0.1358,0.2784,0.0925,0.15,81448,MURCHISON,komatiite,51.86790257709105,0.45061241475426667,11.05466552158774,9.113501443261192,1.125367941088016,14.826923766571333,11.316674997807187,0.0943513378392068,0.15
p0076_lower_all-v3like_k0,p0076_lower,76,lower,all,v3like,v4a,k0,False,0.0,1.2757502936403784,4,15.0,14.866,14.866,Al_undepleted,24.535,4,0.8969,0.4933,0.1358,0.2784,0.0925,0.15,81448,MURCHISON,komatiite,47.56614756614756,0.1875001875001875,5.2367052367052365,7.820507820507821,0.0,30.71063071063071,8.209908209908209,0.2686002686002686,0.0
p0076_lower_mb_kmorb,p0076_lower,76,lower,mb,default,v4b,kmorb,False,0.1,1.2757502936403784,4,15.0,14.866,14.866,Al_undepleted,24.535,4,0.8969,0.4933,0.1358,0.2784,0.0925,0.15,81448,MURCHISON,komatiite,47.51406840620059,0.18729489754599624,5.230971679888632,7.0307507820406245,0.8681823974185607,30.677006296405715,8.200919356601997,0.2683061838978911,0.0225
p0076_lower_ume_kmorb,p0076_lower,76,lower,ume,default,v4,kmorb,False,0.1,1.2757502936403784,4,15.0,14.866,14.866,Al_undepleted,24.535,4,0.8969,0.4933,0.1358,0.2784,0.0925,0.15,81448,MURCHISON,komatiite,47.51406840620059,0.18729489754599624,5.230971679888632,7.0307507820406245,0.8681823974185607,30.677006296405715,8.200919356601997,0.2683061838978911,0.0225
p0076_lower_ig_kmorb,p0076_lower,76,lower,ig,default,v4,kmorb,False,0.1,1.2757502936403784,4,15.0,14.866,14.866,Al_undepleted,24.535,4,0.8969,0.4933,0.1358,0.2784,0.0925,0.15,81448,MURCHISON,komatiite,47.51406840620059,0.18729489754599624,5.230971679888632,7.0307507820406245,0.8681823974185607,30.677006296405715,8.200919356601997,0.2683061838978911,0.0225
p0077_upper_all-v3like_k0,p0077_upper,77,upper,all,v3like,v4a,k0,False,0.0,1.1278255323468271,4,15.0,15.362,15.362,Al_undepleted,16.944,5,0.8976,0.5181,0.142,0.2659,0.0739,0.15,83415,MURCHISON,komatiite,55.9152,0.5757,9.7545,10.4078,0.0,15.362,7.8462,0.1386,0.0
p0077_upper_mb_kmorb,p0077_upper,77,upper,mb,default,v4b;v4,kmorb,False,0.1,1.1278255323468271,4,15.0,15.362,15.362,Al_undepleted,16.944,5,0.8976,0.5181,0.142,0.2659,0.0739,0.15,83415,MURCHISON,komatiite,55.7666973205531,0.5741710241122704,9.72859345961984,9.342142550425773,1.1536013674631387,15.32120075110769,7.825361628260718,0.13823189845746164,0.15
p0077_lower_all-v3like_k0,p0077_lower,77,lower,all,v3like,v4a,k0,False,0.0,1.1278255323468271,4,15.0,15.362,15.362,Al_undepleted,16.944,5,0.8976,0.5181,0.142,0.2659,0.0739,0.15,83415,MURCHISON,komatiite,48.0075,0.2016,4.4903,8.0161,0.0,31.8417,7.207,0.2358,0.0
p0077_lower_mb_kmorb,p0077_lower,77,lower,mb,default,v4b,kmorb,False,0.1,1.1278255323468271,4,15.0,15.362,15.362,Al_undepleted,16.944,5,0.8976,0.5181,0.142,0.2659,0.0739,0.15,83415,MURCHISON,komatiite,47.95389410220963,0.20137489040265502,4.485286063368264,7.206434191771085,0.8898764168163281,31.80614507804673,7.1989525552179305,0.23553670216739114,0.0225
p0077_lower_ume_kmorb,p0077_lower,77,lower,ume,default,v4,kmorb,False,0.1,1.1278255323468271,4,15.0,15.362,15.362,Al_undepleted,16.944,5,0.8976,0.5181,0.142,0.2659,0.0739,0.15,83415,MURCHISON,komatiite,47.95389410220963,0.20137489040265502,4.485286063368264,7.206434191771085,0.8898764168163281,31.80614507804673,7.1989525552179305,0.23553670216739114,0.0225
p0077_lower_ig_kmorb,p0077_lower,77,lower,ig,default,v4,kmorb,False,0.1,1.1278255323468271,4,15.0,15.362,15.362,Al_undepleted,16.944,5,0.8976,0.5181,0.142,0.2659,0.0739,0.15,83415,MURCHISON,komatiite,47.95389410220963,0.20137489040265502,4.485286063368264,7.206434191771085,0.8898764168163281,31.80614507804673,7.1989525552179305,0.23553670216739114,0.0225
p0078_upper_all-v3like_k0,p0078_upper,78,upper,all,v3like,v4a,k0,False,0.0,1.2139245487583066,4,15.0,14.389,14.389,Al_undepleted,17.705,6,0.8832,0.4695,0.1299,0.2903,0.1104,0.15,81657,MURCHISON,komatiite,51.0442,0.6407,11.3432,11.3028,0.0,14.389,11.1856,0.0945,0.0
p0078_upper_mb_kmorb,p0078_upper,78,upper,mb,default,v4b;v4,kmorb,False,0.1,1.2139245487583066,4,15.0,14.389,14.389,Al_undepleted,17.705,6,0.8832,0.4695,0.1299,0.2903,0.1104,0.15,81657,MURCHISON,komatiite,50.903566795620776,0.638934790749081,11.311948054354572,10.144493425301762,1.2526785396906168,14.349356491475769,11.154782262217761,0.09423964058964905,0.15
p0078_lower_all-v3like_k0,p0078_lower,78,lower,all,v3like,v4a,k0,False,0.0,1.2139245487583066,4,15.0,14.389,14.389,Al_undepleted,17.705,6,0.8832,0.4695,0.1299,0.2903,0.1104,0.15,81657,MURCHISON,komatiite,47.4725,0.2203,5.8015,8.3194,0.0,29.2349,8.6448,0.3066,0.0
p0078_lower_mb_kmorb,p0078_lower,78,lower,mb,default,v4b,kmorb,False,0.1,1.2139245487583066,4,15.0,14.389,14.389,Al_undepleted,17.705,6,0.8832,0.4695,0.1299,0.2903,0.1104,0.15,81657,MURCHISON,komatiite,47.41789146671405,0.22004658465674035,5.794826422542347,7.478847030204072,0.923514934023121,29.2012705301014,8.63485571965769,0.30624731210057465,0.0225
p0078_lower_ume_kmorb,p0078_lower,78,lower,ume,default,v4,kmorb,False,0.1,1.2139245487583066,4,15.0,14.389,14.389,Al_undepleted,17.705,6,0.8832,0.4695,0.1299,0.2903,0.1104,0.15,81657,MURCHISON,komatiite,47.41789146671405,0.22004658465674035,5.794826422542347,7.478847030204072,0.923514934023121,29.2012705301014,8.63485571965769,0.30624731210057465,0.0225
p0078_lower_ig_kmorb,p0078_lower,78,lower,ig,default,v4,kmorb,False,0.1,1.2139245487583066,4,15.0,14.389,14.389,Al_undepleted,17.705,6,0.8832,0.4695,0.1299,0.2903,0.1104,0.15,81657,MURCHISON,komatiite,47.41789146671405,0.22004658465674035,5.794826422542347,7.478847030204072,0.923514934023121,29.2012705301014,8.63485571965769,0.30624731210057465,0.0225
p0079_upper_all-v3like_k0,p0079_upper,79,upper,all,v3like,v4a,k0,False,0.0,1.2757502936403784,4,15.0,14.866,14.866,Al_undepleted,24.535,7,0.8969,0.4933,0.1358,0.2784,0.0925,0.15,81448,MURCHISON,komatiite,52.00454799545201,0.45179954820045176,11.083788916211084,10.152789847210151,0.0,14.865985134014865,11.346488653511347,0.0945999054000946,0.0
p0079_upper_mb_kmorb,p0079_upper,79,upper,mb,default,v4b;v4,kmorb,False,0.1,1.2757502936403784,4,15.0,14.866,14.866,Al_undepleted,24.535,7,0.8969,0.4933,0.1358,0.2784,0.0925,0.15,81448,MURCHISON,komatiite,51.86790257709105,0.45061241475426667,11.05466552158774,9.113501443261192,1.125367941088016,14.826923766571333,11.316674997807187,0.0943513378392068,0.15
p0079_lower_all-v3like_k0,p0079_lower,79,lower,all,v3like,v4a,k0,False,0.0,1.2757502936403784,4,15.0,14.866,14.866,Al_undepleted,24.535,7,0.8969,0.4933,0.1358,0.2784,0.0925,0.15,81448,MURCHISON,komatiite,47.56614756614756,0.1875001875001875,5.2367052367052365,7.820507820507821,0.0,30.71063071063071,8.209908209908209,0.2686002686002686,0.0
p0079_lower_mb_kmorb,p0079_lower,79,lower,mb,default,v4b,kmorb,False,0.1,1.2757502936403784,4,15.0,14.866,14.866,Al_undepleted,24.535,7,0.8969,0.4933,0.1358,0.2784,0.0925,0.15,81448,MURCHISON,komatiite,47.51406840620059,0.18729489754599624,5.230971679888632,7.0307507820406245,0.8681823974185607,30.677006296405715,8.200919356601997,0.2683061838978911,0.0225
p0079_lower_ume_kmorb,p0079_lower,79,lower,ume,default,v4,kmorb,False,0.1,1.2757502936403784,4,15.0,14.866,14.866,Al_undepleted,24.535,7,0.8969,0.4933,0.1358,0.2784,0.0925,0.15,81448,MURCHISON,komatiite,47.51406840620059,0.18729489754599624,5.230971679888632,7.0307507820406245,0.8681823974185607,30.677006296405715,8.200919356601997,0.2683061838978911,0.0225
p0079_lower_ig_kmorb,p0079_lower,79,lower,ig,default,v4,kmorb,False,0.1,1.2757502936403784,4,15.0,14.866,14.866,Al_undepleted,24.535,7,0.8969,0.4933,0.1358,0.2784,0.0925,0.15,81448,MURCHISON,komatiite,47.51406840620059,0.18729489754599624,5.230971679888632,7.0307507820406245,0.8681823974185607,30.677006296405715,8.200919356601997,0.2683061838978911,0.0225
p0080_upper_all-v3like_k0,p0080_upper,80,upper,all,v3like,v4a,k0,True,0.0,1.3134389994313436,5,17.0,17.4815,17.4815,Al_depleted,10.2,0,0.8925,0.6241,0.15,0.1944,0.0315,0.15,83459,MURCHISON,metabasalt,51.0503,0.845,8.6193,12.5079,0.0,17.4815,9.3798,0.1162,0.0
p0080_upper_mb_kmorb,p0080_upper,80,upper,mb,default,v4b;v4,kmorb,True,0.1,1.3134389994313436,5,17.0,17.4815,17.4815,Al_depleted,10.2,0,0.8925,0.6241,0.15,0.1944,0.0315,0.15,83459,MURCHISON,metabasalt,50.902827887127174,0.8425589970014371,8.594400902786376,11.224590900277926,1.3860528612020349,17.4310001255392,9.352704000087668,0.11586432597818579,0.15
p0080_upper_mb_k005,p0080_upper,80,upper,mb,default,v4-ksens,k005,True,0.1,1.3134389994313436,5,17.0,17.4815,17.4815,Al_depleted,10.2,0,0.8925,0.6241,0.15,0.1944,0.0315,0.15,83459,MURCHISON,metabasalt,50.953807183959555,0.8434028217355397,8.603008214656969,11.235832353357825,1.3874409962658325,17.448457311443594,9.362070754218953,0.11598036436173931,0.05
p0080_upper_mb_k050,p0080_upper,80,upper,mb,default,v4-ksens,k050,True,0.1,1.3134389994313436,5,17.0,17.4815,17.4815,Al_depleted,10.2,0,0.8925,0.6241,0.15,0.1944,0.0315,0.15,83459,MURCHISON,metabasalt,50.72440034821386,0.839605610432078,8.564275311239303,11.185245814498286,1.3811943884787428,17.369899974873814,9.319920360628172,0.11545819163574848,0.5
p0080_upper_mb_kmeas,p0080_upper,80,upper,mb,default,v4-ksens,kmeas,True,0.1,1.3134389994313436,5,17.0,17.4815,17.4815,Al_depleted,10.2,0,0.8925,0.6241,0.15,0.1944,0.0315,0.15,83459,MURCHISON,metabasalt,50.30971486614345,0.8327416109580398,8.494260079681222,11.093803451043621,1.369902756505031,17.227896416524228,9.243727529543458,0.11451429016961447,1.3134389994313436
p0080_lower_all-v3like_k0,p0080_lower,80,lower,all,v3like,v4a,k0,True,0.0,1.3134389994313436,5,17.0,17.4815,17.4815,Al_depleted,10.2,0,0.8925,0.6241,0.15,0.1944,0.0315,0.15,83459,MURCHISON,metabasalt,46.3858,0.2146,2.9386,9.200299999999999,0.0,35.5786,5.5509,0.1312,0.0
p0080_lower_mb_kmorb,p0080_lower,80,lower,mb,default,v4b,kmorb,True,0.1,1.3134389994313436,5,17.0,17.4815,17.4815,Al_depleted,10.2,0,0.8925,0.6241,0.15,0.1944,0.0315,0.15,83459,MURCHISON,metabasalt,46.327901406534934,0.21433213702991857,2.934932049748922,8.26993459592136,1.0212012723195705,35.534190915809226,5.543971386017591,0.1310362366184777,0.0225
p0080_lower_ume_kmorb,p0080_lower,80,lower,ume,default,v4,kmorb,True,0.1,1.3134389994313436,5,17.0,17.4815,17.4815,Al_depleted,10.2,0,0.8925,0.6241,0.15,0.1944,0.0315,0.15,83459,MURCHISON,metabasalt,46.327901406534934,0.21433213702991857,2.934932049748922,8.26993459592136,1.0212012723195705,35.534190915809226,5.543971386017591,0.1310362366184777,0.0225
p0080_lower_ig_kmorb,p0080_lower,80,lower,ig,default,v4,kmorb,True,0.1,1.3134389994313436,5,17.0,17.4815,17.4815,Al_depleted,10.2,0,0.8925,0.6241,0.15,0.1944,0.0315,0.15,83459,MURCHISON,metabasalt,46.327901406534934,0.21433213702991857,2.934932049748922,8.26993459592136,1.0212012723195705,35.534190915809226,5.543971386017591,0.1310362366184777,0.0225
p0080_lower_ig_k005,p0080_lower,80,lower,ig,default,v4-ksens,k005,True,0.1,1.3134389994313436,5,17.0,17.4815,17.4815,Al_depleted,10.2,0,0.8925,0.6241,0.15,0.1944,0.0315,0.15,83459,MURCHISON,metabasalt,46.334852155664464,0.21436429408581062,2.9353723886326333,8.271175365283854,1.021354486983718,35.53952224399544,5.544803168876636,0.13105589647743873,0.0075
p0080_lower_ig_k050,p0080_lower,80,lower,ig,default,v4-ksens,k050,True,0.1,1.3134389994313436,5,17.0,17.4815,17.4815,Al_depleted,10.2,0,0.8925,0.6241,0.15,0.1944,0.0315,0.15,83459,MURCHISON,metabasalt,46.30357378458156,0.21421958733429633,2.9333908636559327,8.265591903152627,1.0206650209950547,35.51553126715748,5.541060146010929,0.13096742711211407,0.075
p0080_lower_ig_kmeas,p0080_lower,80,lower,ig,default,v4-ksens,kmeas,True,0.1,1.3134389994313436,5,17.0,17.4815,17.4815,Al_depleted,10.2,0,0.8925,0.6241,0.15,0.1944,0.0315,0.15,83459,MURCHISON,metabasalt,46.247033680409295,0.21395800930060135,2.9298089754461656,8.255499001265099,1.0194187131640322,35.47216416450315,5.534294099844865,0.13080750615209177,0.19701584991470153
p0081_upper_all-v3like_k0,p0081_upper,81,upper,all,v3like,v4a,k0,False,0.0,1.7684087733758307,5,17.0,16.0548,16.0548,Al_depleted,10.482,1,0.8741,0.5527,0.15,0.2479,0.0493,0.15,83472,MURCHISON,metabasalt,50.6069,0.8738,9.1591,13.7357,0.0,16.0548,9.496,0.0737,0.0
p0081_upper_mb_kmorb,p0081_upper,81,upper,mb,default,v4b;v4,kmorb,False,0.1,1.7684087733758307,5,17.0,16.0548,16.0548,Al_depleted,10.482,1,0.8741,0.5527,0.15,0.2479,0.0493,0.15,83472,MURCHISON,metabasalt,50.45382038985536,0.871156863128459,9.131394855893648,12.324736086502881,1.5219027462136108,16.006236216702657,9.467275775083367,0.07347706662001308,0.15
p0081_lower_all-v3like_k0,p0081_lower,81,lower,all,v3like,v4a,k0,False,0.0,1.7684087733758307,5,17.0,16.0548,16.0548,Al_depleted,10.482,1,0.8741,0.5527,0.15,0.2479,0.0493,0.15,83472,MURCHISON,metabasalt,46.8005,0.2397,3.6726,9.791099999999998,0.0,32.5289,6.7938,0.1734,0.0
p0081_lower_mb_kmorb,p0081_lower,81,lower,mb,default,v4b,kmorb,False,0.1,1.7684087733758307,5,17.0,16.0548,16.0548,Al_depleted,10.482,1,0.8741,0.5527,0.15,0.2479,0.0493,0.15,83472,MURCHISON,metabasalt,46.739012107705136,0.23938507499315012,3.6677748286184526,8.800412544801372,1.0867065976701382,32.48616256130447,6.784874102997343,0.17317218190993838,0.0225
p0081_lower_ume_kmorb,p0081_lower,81,lower,ume,default,v4,kmorb,False,0.1,1.7684087733758307,5,17.0,16.0548,16.0548,Al_depleted,10.482,1,0.8741,0.5527,0.15,0.2479,0.0493,0.15,83472,MURCHISON,metabasalt,46.739012107705136,0.23938507499315012,3.6677748286184526,8.800412544801372,1.0867065976701382,32.48616256130447,6.784874102997343,0.17317218190993838,0.0225
p0081_lower_ig_kmorb,p0081_lower,81,lower,ig,default,v4,kmorb,False,0.1,1.7684087733758307,5,17.0,16.0548,16.0548,Al_depleted,10.482,1,0.8741,0.5527,0.15,0.2479,0.0493,0.15,83472,MURCHISON,metabasalt,46.739012107705136,0.23938507499315012,3.6677748286184526,8.800412544801372,1.0867065976701382,32.48616256130447,6.784874102997343,0.17317218190993838,0.0225
p0082_upper_all-v3like_k0,p0082_upper,82,upper,all,v3like,v4a,k0,False,0.0,0.34977353753324436,5,17.0,17.5501,17.5501,Al_depleted,6.977,2,0.8706,0.6275,0.15,0.1919,0.0306,0.15,207666,MURCHISON,komatiite,49.03375096624903,0.935999064000936,6.530793469206531,15.504384495615504,0.0,17.55008244991755,10.359889640110358,0.08509991490008509,0.0
p0082_upper_mb_kmorb,p0082_upper,82,upper,mb,default,v4b;v4,kmorb,False,0.1,0.34977353753324436,5,17.0,17.5501,17.5501,Al_depleted,6.977,2,0.8706,0.6275,0.15,0.1919,0.0306,0.15,207666,MURCHISON,komatiite,48.875818681164745,0.9329843146068673,6.50975850623347,13.90900193018338,1.7175335914752978,17.49355557669015,10.326521582153507,0.08482581749256879,0.15
p0082_lower_all-v3like_k0,p0082_lower,82,lower,all,v3like,v4a,k0,False,0.0,0.34977353753324436,5,17.0,17.5501,17.5501,Al_depleted,6.977,2,0.8706,0.6275,0.15,0.1919,0.0306,0.15,207666,MURCHISON,komatiite,45.850354149645845,0.2271997728002272,2.5937974062025937,10.748389251610748,0.0,34.81686518313481,5.6391943608056385,0.1241998758001242,0.0
p0082_lower_mb_kmorb,p0082_lower,82,lower,mb,default,v4b,kmorb,False,0.1,0.34977353753324436,5,17.0,17.5501,17.5501,Al_depleted,6.977,2,0.8706,0.6275,0.15,0.1919,0.0306,0.15,207666,MURCHISON,komatiite,45.78523935945179,0.22687711301248076,2.5901138016363228,9.65981234750446,1.192828376720775,34.76741970089895,5.631185808538651,0.12402349223657619,0.0225
p0082_lower_ume_kmorb,p0082_lower,82,lower,ume,default,v4,kmorb,False,0.1,0.34977353753324436,5,17.0,17.5501,17.5501,Al_depleted,6.977,2,0.8706,0.6275,0.15,0.1919,0.0306,0.15,207666,MURCHISON,komatiite,45.78523935945179,0.22687711301248076,2.5901138016363228,9.65981234750446,1.192828376720775,34.76741970089895,5.631185808538651,0.12402349223657619,0.0225
p0082_lower_ig_kmorb,p0082_lower,82,lower,ig,default,v4,kmorb,False,0.1,0.34977353753324436,5,17.0,17.5501,17.5501,Al_depleted,6.977,2,0.8706,0.6275,0.15,0.1919,0.0306,0.15,207666,MURCHISON,komatiite,45.78523935945179,0.22687711301248076,2.5901138016363228,9.65981234750446,1.192828376720775,34.76741970089895,5.631185808538651,0.12402349223657619,0.0225
p0083_upper_all-v3like_k0,p0083_upper,83,upper,all,v3like,v4a,k0,False,0.0,1.3134389994313436,5,17.0,17.4815,17.4815,Al_depleted,10.2,3,0.8925,0.6241,0.15,0.1944,0.0315,0.15,83459,MURCHISON,metabasalt,51.0503,0.845,8.6193,12.5079,0.0,17.4815,9.3798,0.1162,0.0
p0083_upper_mb_kmorb,p0083_upper,83,upper,mb,default,v4b;v4,kmorb,False,0.1,1.3134389994313436,5,17.0,17.4815,17.4815,Al_depleted,10.2,3,0.8925,0.6241,0.15,0.1944,0.0315,0.15,83459,MURCHISON,metabasalt,50.902827887127174,0.8425589970014371,8.594400902786376,11.224590900277926,1.3860528612020349,17.4310001255392,9.352704000087668,0.11586432597818579,0.15
p0083_lower_all-v3like_k0,p0083_lower,83,lower,all,v3like,v4a,k0,False,0.0,1.3134389994313436,5,17.0,17.4815,17.4815,Al_depleted,10.2,3,0.8925,0.6241,0.15,0.1944,0.0315,0.15,83459,MURCHISON,metabasalt,46.3858,0.2146,2.9386,9.200299999999999,0.0,35.5786,5.5509,0.1312,0.0
p0083_lower_mb_kmorb,p0083_lower,83,lower,mb,default,v4b,kmorb,False,0.1,1.3134389994313436,5,17.0,17.4815,17.4815,Al_depleted,10.2,3,0.8925,0.6241,0.15,0.1944,0.0315,0.15,83459,MURCHISON,metabasalt,46.327901406534934,0.21433213702991857,2.934932049748922,8.26993459592136,1.0212012723195705,35.534190915809226,5.543971386017591,0.1310362366184777,0.0225
p0083_lower_ume_kmorb,p0083_lower,83,lower,ume,default,v4,kmorb,False,0.1,1.3134389994313436,5,17.0,17.4815,17.4815,Al_depleted,10.2,3,0.8925,0.6241,0.15,0.1944,0.0315,0.15,83459,MURCHISON,metabasalt,46.327901406534934,0.21433213702991857,2.934932049748922,8.26993459592136,1.0212012723195705,35.534190915809226,5.543971386017591,0.1310362366184777,0.0225
p0083_lower_ig_kmorb,p0083_lower,83,lower,ig,default,v4,kmorb,False,0.1,1.3134389994313436,5,17.0,17.4815,17.4815,Al_depleted,10.2,3,0.8925,0.6241,0.15,0.1944,0.0315,0.15,83459,MURCHISON,metabasalt,46.327901406534934,0.21433213702991857,2.934932049748922,8.26993459592136,1.0212012723195705,35.534190915809226,5.543971386017591,0.1310362366184777,0.0225
p0084_upper_all-v3like_k0,p0084_upper,84,upper,all,v3like,v4a,k0,False,0.0,1.7684087733758307,5,17.0,16.0548,16.0548,Al_depleted,10.482,4,0.8741,0.5527,0.15,0.2479,0.0493,0.15,83472,MURCHISON,metabasalt,50.6069,0.8738,9.1591,13.7357,0.0,16.0548,9.496,0.0737,0.0
p0084_upper_mb_kmorb,p0084_upper,84,upper,mb,default,v4b;v4,kmorb,False,0.1,1.7684087733758307,5,17.0,16.0548,16.0548,Al_depleted,10.482,4,0.8741,0.5527,0.15,0.2479,0.0493,0.15,83472,MURCHISON,metabasalt,50.45382038985536,0.871156863128459,9.131394855893648,12.324736086502881,1.5219027462136108,16.006236216702657,9.467275775083367,0.07347706662001308,0.15
p0084_lower_all-v3like_k0,p0084_lower,84,lower,all,v3like,v4a,k0,False,0.0,1.7684087733758307,5,17.0,16.0548,16.0548,Al_depleted,10.482,4,0.8741,0.5527,0.15,0.2479,0.0493,0.15,83472,MURCHISON,metabasalt,46.8005,0.2397,3.6726,9.791099999999998,0.0,32.5289,6.7938,0.1734,0.0
p0084_lower_mb_kmorb,p0084_lower,84,lower,mb,default,v4b,kmorb,False,0.1,1.7684087733758307,5,17.0,16.0548,16.0548,Al_depleted,10.482,4,0.8741,0.5527,0.15,0.2479,0.0493,0.15,83472,MURCHISON,metabasalt,46.739012107705136,0.23938507499315012,3.6677748286184526,8.800412544801372,1.0867065976701382,32.48616256130447,6.784874102997343,0.17317218190993838,0.0225
p0084_lower_ume_kmorb,p0084_lower,84,lower,ume,default,v4,kmorb,False,0.1,1.7684087733758307,5,17.0,16.0548,16.0548,Al_depleted,10.482,4,0.8741,0.5527,0.15,0.2479,0.0493,0.15,83472,MURCHISON,metabasalt,46.739012107705136,0.23938507499315012,3.6677748286184526,8.800412544801372,1.0867065976701382,32.48616256130447,6.784874102997343,0.17317218190993838,0.0225
p0084_lower_ig_kmorb,p0084_lower,84,lower,ig,default,v4,kmorb,False,0.1,1.7684087733758307,5,17.0,16.0548,16.0548,Al_depleted,10.482,4,0.8741,0.5527,0.15,0.2479,0.0493,0.15,83472,MURCHISON,metabasalt,46.739012107705136,0.23938507499315012,3.6677748286184526,8.800412544801372,1.0867065976701382,32.48616256130447,6.784874102997343,0.17317218190993838,0.0225
p0085_upper_all-v3like_k0,p0085_upper,85,upper,all,v3like,v4a,k0,False,0.0,1.3134389994313436,5,17.0,17.4815,17.4815,Al_depleted,10.2,5,0.8925,0.6241,0.15,0.1944,0.0315,0.15,83459,MURCHISON,metabasalt,51.0503,0.845,8.6193,12.5079,0.0,17.4815,9.3798,0.1162,0.0
p0085_upper_mb_kmorb,p0085_upper,85,upper,mb,default,v4b;v4,kmorb,False,0.1,1.3134389994313436,5,17.0,17.4815,17.4815,Al_depleted,10.2,5,0.8925,0.6241,0.15,0.1944,0.0315,0.15,83459,MURCHISON,metabasalt,50.902827887127174,0.8425589970014371,8.594400902786376,11.224590900277926,1.3860528612020349,17.4310001255392,9.352704000087668,0.11586432597818579,0.15
p0085_lower_all-v3like_k0,p0085_lower,85,lower,all,v3like,v4a,k0,False,0.0,1.3134389994313436,5,17.0,17.4815,17.4815,Al_depleted,10.2,5,0.8925,0.6241,0.15,0.1944,0.0315,0.15,83459,MURCHISON,metabasalt,46.3858,0.2146,2.9386,9.200299999999999,0.0,35.5786,5.5509,0.1312,0.0
p0085_lower_mb_kmorb,p0085_lower,85,lower,mb,default,v4b,kmorb,False,0.1,1.3134389994313436,5,17.0,17.4815,17.4815,Al_depleted,10.2,5,0.8925,0.6241,0.15,0.1944,0.0315,0.15,83459,MURCHISON,metabasalt,46.327901406534934,0.21433213702991857,2.934932049748922,8.26993459592136,1.0212012723195705,35.534190915809226,5.543971386017591,0.1310362366184777,0.0225
p0085_lower_ume_kmorb,p0085_lower,85,lower,ume,default,v4,kmorb,False,0.1,1.3134389994313436,5,17.0,17.4815,17.4815,Al_depleted,10.2,5,0.8925,0.6241,0.15,0.1944,0.0315,0.15,83459,MURCHISON,metabasalt,46.327901406534934,0.21433213702991857,2.934932049748922,8.26993459592136,1.0212012723195705,35.534190915809226,5.543971386017591,0.1310362366184777,0.0225
p0085_lower_ig_kmorb,p0085_lower,85,lower,ig,default,v4,kmorb,False,0.1,1.3134389994313436,5,17.0,17.4815,17.4815,Al_depleted,10.2,5,0.8925,0.6241,0.15,0.1944,0.0315,0.15,83459,MURCHISON,metabasalt,46.327901406534934,0.21433213702991857,2.934932049748922,8.26993459592136,1.0212012723195705,35.534190915809226,5.543971386017591,0.1310362366184777,0.0225
p0086_upper_all-v3like_k0,p0086_upper,86,upper,all,v3like,v4a,k0,False,0.0,0.34977353753324436,5,17.0,17.5501,17.5501,Al_depleted,6.977,6,0.8706,0.6275,0.15,0.1919,0.0306,0.15,207666,MURCHISON,komatiite,49.03375096624903,0.935999064000936,6.530793469206531,15.504384495615504,0.0,17.55008244991755,10.359889640110358,0.08509991490008509,0.0
p0086_upper_mb_kmorb,p0086_upper,86,upper,mb,default,v4b;v4,kmorb,False,0.1,0.34977353753324436,5,17.0,17.5501,17.5501,Al_depleted,6.977,6,0.8706,0.6275,0.15,0.1919,0.0306,0.15,207666,MURCHISON,komatiite,48.875818681164745,0.9329843146068673,6.50975850623347,13.90900193018338,1.7175335914752978,17.49355557669015,10.326521582153507,0.08482581749256879,0.15
p0086_lower_all-v3like_k0,p0086_lower,86,lower,all,v3like,v4a,k0,False,0.0,0.34977353753324436,5,17.0,17.5501,17.5501,Al_depleted,6.977,6,0.8706,0.6275,0.15,0.1919,0.0306,0.15,207666,MURCHISON,komatiite,45.850354149645845,0.2271997728002272,2.5937974062025937,10.748389251610748,0.0,34.81686518313481,5.6391943608056385,0.1241998758001242,0.0
p0086_lower_mb_kmorb,p0086_lower,86,lower,mb,default,v4b,kmorb,False,0.1,0.34977353753324436,5,17.0,17.5501,17.5501,Al_depleted,6.977,6,0.8706,0.6275,0.15,0.1919,0.0306,0.15,207666,MURCHISON,komatiite,45.78523935945179,0.22687711301248076,2.5901138016363228,9.65981234750446,1.192828376720775,34.76741970089895,5.631185808538651,0.12402349223657619,0.0225
p0086_lower_ume_kmorb,p0086_lower,86,lower,ume,default,v4,kmorb,False,0.1,0.34977353753324436,5,17.0,17.5501,17.5501,Al_depleted,6.977,6,0.8706,0.6275,0.15,0.1919,0.0306,0.15,207666,MURCHISON,komatiite,45.78523935945179,0.22687711301248076,2.5901138016363228,9.65981234750446,1.192828376720775,34.76741970089895,5.631185808538651,0.12402349223657619,0.0225
p0086_lower_ig_kmorb,p0086_lower,86,lower,ig,default,v4,kmorb,False,0.1,0.34977353753324436,5,17.0,17.5501,17.5501,Al_depleted,6.977,6,0.8706,0.6275,0.15,0.1919,0.0306,0.15,207666,MURCHISON,komatiite,45.78523935945179,0.22687711301248076,2.5901138016363228,9.65981234750446,1.192828376720775,34.76741970089895,5.631185808538651,0.12402349223657619,0.0225
p0087_upper_all-v3like_k0,p0087_upper,87,upper,all,v3like,v4a,k0,False,0.0,1.3134389994313436,5,17.0,17.4815,17.4815,Al_depleted,10.2,7,0.8925,0.6241,0.15,0.1944,0.0315,0.15,83459,MURCHISON,metabasalt,51.0503,0.845,8.6193,12.5079,0.0,17.4815,9.3798,0.1162,0.0
p0087_upper_mb_kmorb,p0087_upper,87,upper,mb,default,v4b;v4,kmorb,False,0.1,1.3134389994313436,5,17.0,17.4815,17.4815,Al_depleted,10.2,7,0.8925,0.6241,0.15,0.1944,0.0315,0.15,83459,MURCHISON,metabasalt,50.902827887127174,0.8425589970014371,8.594400902786376,11.224590900277926,1.3860528612020349,17.4310001255392,9.352704000087668,0.11586432597818579,0.15
p0087_lower_all-v3like_k0,p0087_lower,87,lower,all,v3like,v4a,k0,False,0.0,1.3134389994313436,5,17.0,17.4815,17.4815,Al_depleted,10.2,7,0.8925,0.6241,0.15,0.1944,0.0315,0.15,83459,MURCHISON,metabasalt,46.3858,0.2146,2.9386,9.200299999999999,0.0,35.5786,5.5509,0.1312,0.0
p0087_lower_mb_kmorb,p0087_lower,87,lower,mb,default,v4b,kmorb,False,0.1,1.3134389994313436,5,17.0,17.4815,17.4815,Al_depleted,10.2,7,0.8925,0.6241,0.15,0.1944,0.0315,0.15,83459,MURCHISON,metabasalt,46.327901406534934,0.21433213702991857,2.934932049748922,8.26993459592136,1.0212012723195705,35.534190915809226,5.543971386017591,0.1310362366184777,0.0225
p0087_lower_ume_kmorb,p0087_lower,87,lower,ume,default,v4,kmorb,False,0.1,1.3134389994313436,5,17.0,17.4815,17.4815,Al_depleted,10.2,7,0.8925,0.6241,0.15,0.1944,0.0315,0.15,83459,MURCHISON,metabasalt,46.327901406534934,0.21433213702991857,2.934932049748922,8.26993459592136,1.0212012723195705,35.534190915809226,5.543971386017591,0.1310362366184777,0.0225
p0087_lower_ig_kmorb,p0087_lower,87,lower,ig,default,v4,kmorb,False,0.1,1.3134389994313436,5,17.0,17.4815,17.4815,Al_depleted,10.2,7,0.8925,0.6241,0.15,0.1944,0.0315,0.15,83459,MURCHISON,metabasalt,46.327901406534934,0.21433213702991857,2.934932049748922,8.26993459592136,1.0212012723195705,35.534190915809226,5.543971386017591,0.1310362366184777,0.0225
p0088_upper_all-v3like_k0,p0088_upper,88,upper,all,v3like,v4a,k0,True,0.0,0.0855325827393024,5,17.0,16.447,16.447,Al_undepleted,18.5,0,0.8946,0.5724,0.15,0.2332,0.0444,0.15,211009,Kalgoorlie,basalt,49.36244936244936,0.47080047080047077,8.71040871040871,11.515711515711514,0.0,16.447016447016445,12.947912947912949,0.5457005457005457,0.0
p0088_upper_mb_kmorb,p0088_upper,88,upper,mb,default,v4b;v4,kmorb,True,0.1,0.0855325827393024,5,17.0,16.447,16.447,Al_undepleted,18.5,0,0.8946,0.5724,0.15,0.2332,0.0444,0.15,211009,Kalgoorlie,basalt,49.22528401700445,0.4694922393401798,8.686204761148476,10.335341126832494,1.2762451003885171,16.401314486890268,12.911934081887669,0.5441841865079357,0.15
p0088_upper_mb_k005,p0088_upper,88,upper,mb,default,v4-ksens,k005,True,0.1,0.0855325827393024,5,17.0,16.447,16.447,Al_undepleted,18.5,0,0.8946,0.5724,0.15,0.2332,0.0444,0.15,211009,Kalgoorlie,basalt,49.27458324987076,0.46996243687582356,8.694904014790088,10.345691994260472,1.2775232627324216,16.417740440307284,12.924865412966177,0.5447291881969772,0.05
p0088_upper_mb_k050,p0088_upper,88,upper,mb,default,v4-ksens,k050,True,0.1,0.0855325827393024,5,17.0,16.447,16.447,Al_undepleted,18.5,0,0.8946,0.5724,0.15,0.2332,0.0444,0.15,211009,Kalgoorlie,basalt,49.05273670197239,0.46784654796542713,8.655757373402839,10.299113090834586,1.271771532184852,16.343823649930712,12.866674423112903,0.5422766805962905,0.5
p0088_upper_mb_kmeas,p0088_upper,88,upper,mb,default,v4-ksens,kmeas,True,0.1,0.0855325827393024,5,17.0,16.447,16.447,Al_undepleted,18.5,0,0.8946,0.5724,0.15,0.2332,0.0444,0.15,211009,Kalgoorlie,basalt,49.257065959162695,0.4697953635474328,8.69181294529218,10.34201406372739,1.277069098640031,16.411903874818663,12.920270577051413,0.5445355350208879,0.0855325827393024
p0088_lower_all-v3like_k0,p0088_lower,88,lower,all,v3like,v4a,k0,True,0.0,0.0855325827393024,5,17.0,16.447,16.447,Al_undepleted,18.5,0,0.8946,0.5724,0.15,0.2332,0.0444,0.15,211009,Kalgoorlie,basalt,46.60725339274661,0.17349982650017348,3.4256965743034256,8.674491325508674,0.0,33.91306608693391,6.975093024906975,0.23089976910023088,0.0
p0088_lower_mb_kmorb,p0088_lower,88,lower,mb,default,v4b,kmorb,True,0.1,0.0855325827393024,5,17.0,16.447,16.447,Al_undepleted,18.5,0,0.8946,0.5724,0.15,0.2332,0.0444,0.15,211009,Kalgoorlie,basalt,46.551801202499526,0.17329340057531045,3.4216207628290554,7.797753561737624,0.9628946596999964,33.87271713573811,6.966794226817568,0.23062505010281953,0.0225
p0088_lower_ume_kmorb,p0088_lower,88,lower,ume,default,v4,kmorb,True,0.1,0.0855325827393024,5,17.0,16.447,16.447,Al_undepleted,18.5,0,0.8946,0.5724,0.15,0.2332,0.0444,0.15,211009,Kalgoorlie,basalt,46.551801202499526,0.17329340057531045,3.4216207628290554,7.797753561737624,0.9628946596999964,33.87271713573811,6.966794226817568,0.23062505010281953,0.0225
p0088_lower_ig_kmorb,p0088_lower,88,lower,ig,default,v4,kmorb,True,0.1,0.0855325827393024,5,17.0,16.447,16.447,Al_undepleted,18.5,0,0.8946,0.5724,0.15,0.2332,0.0444,0.15,211009,Kalgoorlie,basalt,46.551801202499526,0.17329340057531045,3.4216207628290554,7.797753561737624,0.9628946596999964,33.87271713573811,6.966794226817568,0.23062505010281953,0.0225
p0088_lower_ig_k005,p0088_lower,88,lower,ig,default,v4-ksens,k005,True,0.1,0.0855325827393024,5,17.0,16.447,16.447,Al_undepleted,18.5,0,0.8946,0.5724,0.15,0.2332,0.0444,0.15,211009,Kalgoorlie,basalt,46.55878554415677,0.17331940043536526,3.4221341214491687,7.798923488005294,0.9630391264039598,33.87779918676995,6.967839481133812,0.23065965164568208,0.0075
p0088_lower_ig_k050,p0088_lower,88,lower,ig,default,v4-ksens,k050,True,0.1,0.0855325827393024,5,17.0,16.447,16.447,Al_undepleted,18.5,0,0.8946,0.5724,0.15,0.2332,0.0444,0.15,211009,Kalgoorlie,basalt,46.52735600669916,0.1732024010651186,3.419824007658656,7.793658819800775,0.9623890262361245,33.85492995712666,6.963135836710714,0.23050394470280053,0.075
p0088_lower_ig_kmeas,p0088_lower,88,lower,ig,default,v4-ksens,kmeas,True,0.1,0.0855325827393024,5,17.0,16.447,16.447,Al_undepleted,18.5,0,0.8946,0.5724,0.15,0.2332,0.0444,0.15,211009,Kalgoorlie,basalt,46.55630382717861,0.17331016201357916,3.4219517118727274,7.798507782986245,0.9629877936528431,33.8759934027822,6.967468075279056,0.23064735682383533,0.012829887410895361
p0089_upper_all-v3like_k0,p0089_upper,89,upper,all,v3like,v4a,k0,False,0.0,0.07110705858129258,5,17.0,16.0878,16.0878,Al_undepleted,26.023,1,0.9027,0.5544,0.15,0.2467,0.0489,0.15,204561,Kalgoorlie,meta-ultramafic rock,49.0885,0.4538,11.808,10.3001,0.0,16.0878,10.519,1.7428,0.0
p0089_upper_mb_kmorb,p0089_upper,89,upper,mb,default,v4b;v4,kmorb,False,0.1,0.07110705858129258,5,17.0,16.0878,16.0878,Al_undepleted,26.023,1,0.9027,0.5544,0.15,0.2467,0.0489,0.15,204561,Kalgoorlie,meta-ultramafic rock,48.95871451291915,0.4526001944643391,11.776780732117489,9.245580733146596,1.1416775669155963,16.045265333854992,10.491188729771668,1.738192196810159,0.15
p0089_lower_all-v3like_k0,p0089_lower,89,lower,all,v3like,v4a,k0,False,0.0,0.07110705858129258,5,17.0,16.0878,16.0878,Al_undepleted,26.023,1,0.9027,0.5544,0.15,0.2467,0.0489,0.15,204561,Kalgoorlie,meta-ultramafic rock,46.7917,0.1762,4.0552,8.0374,0.0,33.5976,6.919,0.4229,0.0
p0089_lower_mb_kmorb,p0089_lower,89,lower,mb,default,v4b,kmorb,False,0.1,0.07110705858129258,5,17.0,16.0878,16.0878,Al_undepleted,26.023,1,0.9027,0.5544,0.15,0.2467,0.0489,0.15,204561,Kalgoorlie,meta-ultramafic rock,46.73934092504124,0.1760028353531132,4.050662303768131,7.225565663906929,0.892238839814946,33.560004886831756,6.911257762816062,0.42242678246782955,0.0225
p0089_lower_ume_kmorb,p0089_lower,89,lower,ume,default,v4,kmorb,False,0.1,0.07110705858129258,5,17.0,16.0878,16.0878,Al_undepleted,26.023,1,0.9027,0.5544,0.15,0.2467,0.0489,0.15,204561,Kalgoorlie,meta-ultramafic rock,46.73934092504124,0.1760028353531132,4.050662303768131,7.225565663906929,0.892238839814946,33.560004886831756,6.911257762816062,0.42242678246782955,0.0225
p0089_lower_ig_kmorb,p0089_lower,89,lower,ig,default,v4,kmorb,False,0.1,0.07110705858129258,5,17.0,16.0878,16.0878,Al_undepleted,26.023,1,0.9027,0.5544,0.15,0.2467,0.0489,0.15,204561,Kalgoorlie,meta-ultramafic rock,46.73934092504124,0.1760028353531132,4.050662303768131,7.225565663906929,0.892238839814946,33.560004886831756,6.911257762816062,0.42242678246782955,0.0225
p0090_upper_all-v3like_k0,p0090_upper,90,upper,all,v3like,v4a,k0,False,0.0,1.4466478386789952,5,17.0,16.8195,16.8195,Al_undepleted,19.83,2,0.8958,0.591,0.15,0.2193,0.0398,0.15,91976,Kalgoorlie,Komatiitic basalt,49.2352,0.4791,9.5005,11.6212,0.0,16.8195,9.3272,3.0173,0.0
p0090_upper_mb_kmorb,p0090_upper,90,upper,mb,default,v4b;v4,kmorb,False,0.1,1.4466478386789952,5,17.0,16.8195,16.8195,Al_undepleted,19.83,2,0.8958,0.591,0.15,0.2193,0.0398,0.15,91976,Kalgoorlie,Komatiitic basalt,49.09781226365142,0.4777631015110205,9.473989450856712,10.429894593512596,1.2879209025796938,16.7725662405857,9.301173033633042,3.008880413669802,0.15
p0090_lower_all-v3like_k0,p0090_lower,90,lower,all,v3like,v4a,k0,False,0.0,1.4466478386789952,5,17.0,16.8195,16.8195,Al_undepleted,19.83,2,0.8958,0.591,0.15,0.2193,0.0398,0.15,91976,Kalgoorlie,Komatiitic basalt,46.43490713018574,0.1692996614006772,3.3738932522134952,8.731082537834924,0.0,34.58993082013836,6.111587776824447,0.5892988214023572,0.0
p0090_lower_mb_kmorb,p0090_lower,90,lower,mb,default,v4b,kmorb,False,0.1,1.4466478386789952,5,17.0,16.8195,16.8195,Al_undepleted,19.83,2,0.8958,0.591,0.15,0.2193,0.0398,0.15,91976,Kalgoorlie,Komatiitic basalt,46.379368012769596,0.16909716818266163,3.3698578601977673,7.848575644463514,0.9691703532909961,34.54855905161409,6.104277927142084,0.5885939823392942,0.0225
p0090_lower_ume_kmorb,p0090_lower,90,lower,ume,default,v4,kmorb,False,0.1,1.4466478386789952,5,17.0,16.8195,16.8195,Al_undepleted,19.83,2,0.8958,0.591,0.15,0.2193,0.0398,0.15,91976,Kalgoorlie,Komatiitic basalt,46.379368012769596,0.16909716818266163,3.3698578601977673,7.848575644463514,0.9691703532909961,34.54855905161409,6.104277927142084,0.5885939823392942,0.0225
p0090_lower_ig_kmorb,p0090_lower,90,lower,ig,default,v4,kmorb,False,0.1,1.4466478386789952,5,17.0,16.8195,16.8195,Al_undepleted,19.83,2,0.8958,0.591,0.15,0.2193,0.0398,0.15,91976,Kalgoorlie,Komatiitic basalt,46.379368012769596,0.16909716818266163,3.3698578601977673,7.848575644463514,0.9691703532909961,34.54855905161409,6.104277927142084,0.5885939823392942,0.0225
p0091_upper_all-v3like_k0,p0091_upper,91,upper,all,v3like,v4a,k0,False,0.0,1.2453236798609055,5,17.0,17.4442,17.4442,Al_undepleted,16.276,3,0.8973,0.6222,0.15,0.1958,0.0319,0.15,207511,SOUTHERN CROSS,komatiitic basalt,49.075,0.6095,9.9201,11.8668,0.0,17.4442,10.9814,0.103,0.0
p0091_upper_mb_kmorb,p0091_upper,91,upper,mb,default,v4b;v4,kmorb,False,0.1,1.2453236798609055,5,17.0,17.4442,17.4442,Al_undepleted,16.276,3,0.8973,0.6222,0.15,0.1958,0.0319,0.15,207511,SOUTHERN CROSS,komatiitic basalt,48.93672269282321,0.6077826282481048,9.89214840112227,10.650026913215994,1.3151036332714987,17.3950479469821,10.950458004665691,0.10270977967113173,0.15
p0091_lower_all-v3like_k0,p0091_lower,91,lower,all,v3like,v4a,k0,False,0.0,1.2453236798609055,5,17.0,17.4442,17.4442,Al_undepleted,16.276,3,0.8973,0.6222,0.15,0.1958,0.0319,0.15,207511,SOUTHERN CROSS,komatiitic basalt,46.149553850446146,0.1797998202001798,3.1509968490031506,8.85979114020886,0.0,35.70596429403571,5.823394176605824,0.1304998695001305,0.0
p0091_lower_mb_kmorb,p0091_lower,91,lower,mb,default,v4b,kmorb,False,0.1,1.2453236798609055,5,17.0,17.4442,17.4442,Al_undepleted,16.276,3,0.8973,0.6222,0.15,0.1958,0.0319,0.15,207511,SOUTHERN CROSS,komatiitic basalt,46.093696060194695,0.17958219684727506,3.147182993691678,7.9641608056993265,0.9834432247806313,35.66274705577756,5.816345745942279,0.1303419170665706,0.0225
p0091_lower_ume_kmorb,p0091_lower,91,lower,ume,default,v4,kmorb,False,0.1,1.2453236798609055,5,17.0,17.4442,17.4442,Al_undepleted,16.276,3,0.8973,0.6222,0.15,0.1958,0.0319,0.15,207511,SOUTHERN CROSS,komatiitic basalt,46.093696060194695,0.17958219684727506,3.147182993691678,7.9641608056993265,0.9834432247806313,35.66274705577756,5.816345745942279,0.1303419170665706,0.0225
p0091_lower_ig_kmorb,p0091_lower,91,lower,ig,default,v4,kmorb,False,0.1,1.2453236798609055,5,17.0,17.4442,17.4442,Al_undepleted,16.276,3,0.8973,0.6222,0.15,0.1958,0.0319,0.15,207511,SOUTHERN CROSS,komatiitic basalt,46.093696060194695,0.17958219684727506,3.147182993691678,7.9641608056993265,0.9834432247806313,35.66274705577756,5.816345745942279,0.1303419170665706,0.0225
p0092_upper_all-v3like_k0,p0092_upper,92,upper,all,v3like,v4a,k0,False,0.0,3.5766331844097157,5,17.0,17.2404,17.2404,Al_undepleted,22.209,4,0.8918,0.612,0.15,0.2035,0.0345,0.15,91863,Kalgoorlie,Komatiitic basalt,50.46745046745047,0.44930044930044927,9.97850997850998,12.429112429112429,0.0,17.24041724041724,9.194909194909195,0.2403002403002403,0.0
p0092_upper_mb_kmorb,p0092_upper,92,upper,mb,default,v4b;v4,kmorb,False,0.1,3.5766331844097157,5,17.0,17.2404,17.2404,Al_undepleted,22.209,4,0.8918,0.612,0.15,0.2035,0.0345,0.15,91863,Kalgoorlie,Komatiitic basalt,50.32210293852928,0.4480064526859161,9.949771618353916,11.153984644938054,1.3773341468094977,17.190764404376296,9.168427624753463,0.2396081695535848,0.15
p0092_lower_all-v3like_k0,p0092_lower,92,lower,all,v3like,v4a,k0,False,0.0,3.5766331844097157,5,17.0,17.2404,17.2404,Al_undepleted,22.209,4,0.8918,0.612,0.15,0.2035,0.0345,0.15,91863,Kalgoorlie,Komatiitic basalt,46.3983,0.1587,3.253,9.157599999999999,0.0,35.1442,5.7302,0.158,0.0
p0092_lower_mb_kmorb,p0092_lower,92,lower,mb,default,v4b,kmorb,False,0.1,3.5766331844097157,5,17.0,17.2404,17.2404,Al_undepleted,22.209,4,0.8918,0.612,0.15,0.2035,0.0345,0.15,91863,Kalgoorlie,Komatiitic basalt,46.34060591640791,0.15850266408325164,3.248955048915045,8.231591663187817,1.0164665490593323,35.10049985554261,5.7230747683040235,0.15780353450002368,0.0225
p0092_lower_ume_kmorb,p0092_lower,92,lower,ume,default,v4,kmorb,False,0.1,3.5766331844097157,5,17.0,17.2404,17.2404,Al_undepleted,22.209,4,0.8918,0.612,0.15,0.2035,0.0345,0.15,91863,Kalgoorlie,Komatiitic basalt,46.34060591640791,0.15850266408325164,3.248955048915045,8.231591663187817,1.0164665490593323,35.10049985554261,5.7230747683040235,0.15780353450002368,0.0225
p0092_lower_ig_kmorb,p0092_lower,92,lower,ig,default,v4,kmorb,False,0.1,3.5766331844097157,5,17.0,17.2404,17.2404,Al_undepleted,22.209,4,0.8918,0.612,0.15,0.2035,0.0345,0.15,91863,Kalgoorlie,Komatiitic basalt,46.34060591640791,0.15850266408325164,3.248955048915045,8.231591663187817,1.0164665490593323,35.10049985554261,5.7230747683040235,0.15780353450002368,0.0225
p0093_upper_all-v3like_k0,p0093_upper,93,upper,all,v3like,v4a,k0,False,0.0,3.9561811364008506,5,17.0,17.2941,17.2941,Al_undepleted,24.634,5,0.8869,0.6147,0.15,0.2015,0.0338,0.15,91968,Kalgoorlie,Komatiitic basalt,49.366849366849365,0.4297004297004297,10.586110586110586,13.0997130997131,0.0,17.294117294117296,8.825208825208826,0.3983003983003983,0.0
p0093_upper_mb_kmorb,p0093_upper,93,upper,mb,default,v4b;v4,kmorb,False,0.1,3.9561811364008506,5,17.0,17.2941,17.2941,Al_undepleted,24.634,5,0.8869,0.6147,0.15,0.2015,0.0338,0.15,91968,Kalgoorlie,Komatiitic basalt,49.22100119800765,0.4284309336392857,10.554835249240963,11.754910475343484,1.451538629984295,17.243023992206584,8.799135851881369,0.39712366969636365,0.15
p0093_lower_all-v3like_k0,p0093_lower,93,lower,all,v3like,v4a,k0,False,0.0,3.9561811364008506,5,17.0,17.2941,17.2941,Al_undepleted,24.634,5,0.8869,0.6147,0.15,0.2015,0.0338,0.15,91968,Kalgoorlie,Komatiitic basalt,46.1651,0.155,3.3196,9.5089,0.0,35.0429,5.6286,0.1799,0.0
p0093_lower_mb_kmorb,p0093_lower,93,lower,mb,default,v4b,kmorb,False,0.1,3.9561811364008506,5,17.0,17.2941,17.2941,Al_undepleted,24.634,5,0.8869,0.6147,0.15,0.2015,0.0338,0.15,91968,Kalgoorlie,Komatiitic basalt,46.10589415232684,0.15480121549851858,3.315342677218595,8.54703451773211,1.0554185674421164,34.99795815866476,5.621381429386849,0.1796692817302161,0.0225
p0093_lower_ume_kmorb,p0093_lower,93,lower,ume,default,v4,kmorb,False,0.1,3.9561811364008506,5,17.0,17.2941,17.2941,Al_undepleted,24.634,5,0.8869,0.6147,0.15,0.2015,0.0338,0.15,91968,Kalgoorlie,Komatiitic basalt,46.10589415232684,0.15480121549851858,3.315342677218595,8.54703451773211,1.0554185674421164,34.99795815866476,5.621381429386849,0.1796692817302161,0.0225
p0093_lower_ig_kmorb,p0093_lower,93,lower,ig,default,v4,kmorb,False,0.1,3.9561811364008506,5,17.0,17.2941,17.2941,Al_undepleted,24.634,5,0.8869,0.6147,0.15,0.2015,0.0338,0.15,91968,Kalgoorlie,Komatiitic basalt,46.10589415232684,0.15480121549851858,3.315342677218595,8.54703451773211,1.0554185674421164,34.99795815866476,5.621381429386849,0.1796692817302161,0.0225
p0094_upper_all-v3like_k0,p0094_upper,94,upper,all,v3like,v4a,k0,False,0.0,0.0855325827393024,5,17.0,16.447,16.447,Al_undepleted,18.5,6,0.8946,0.5724,0.15,0.2332,0.0444,0.15,211009,Kalgoorlie,basalt,49.36244936244936,0.47080047080047077,8.71040871040871,11.515711515711514,0.0,16.447016447016445,12.947912947912949,0.5457005457005457,0.0
p0094_upper_mb_kmorb,p0094_upper,94,upper,mb,default,v4b;v4,kmorb,False,0.1,0.0855325827393024,5,17.0,16.447,16.447,Al_undepleted,18.5,6,0.8946,0.5724,0.15,0.2332,0.0444,0.15,211009,Kalgoorlie,basalt,49.22528401700445,0.4694922393401798,8.686204761148476,10.335341126832494,1.2762451003885171,16.401314486890268,12.911934081887669,0.5441841865079357,0.15
p0094_lower_all-v3like_k0,p0094_lower,94,lower,all,v3like,v4a,k0,False,0.0,0.0855325827393024,5,17.0,16.447,16.447,Al_undepleted,18.5,6,0.8946,0.5724,0.15,0.2332,0.0444,0.15,211009,Kalgoorlie,basalt,46.60725339274661,0.17349982650017348,3.4256965743034256,8.674491325508674,0.0,33.91306608693391,6.975093024906975,0.23089976910023088,0.0
p0094_lower_mb_kmorb,p0094_lower,94,lower,mb,default,v4b,kmorb,False,0.1,0.0855325827393024,5,17.0,16.447,16.447,Al_undepleted,18.5,6,0.8946,0.5724,0.15,0.2332,0.0444,0.15,211009,Kalgoorlie,basalt,46.551801202499526,0.17329340057531045,3.4216207628290554,7.797753561737624,0.9628946596999964,33.87271713573811,6.966794226817568,0.23062505010281953,0.0225
p0094_lower_ume_kmorb,p0094_lower,94,lower,ume,default,v4,kmorb,False,0.1,0.0855325827393024,5,17.0,16.447,16.447,Al_undepleted,18.5,6,0.8946,0.5724,0.15,0.2332,0.0444,0.15,211009,Kalgoorlie,basalt,46.551801202499526,0.17329340057531045,3.4216207628290554,7.797753561737624,0.9628946596999964,33.87271713573811,6.966794226817568,0.23062505010281953,0.0225
p0094_lower_ig_kmorb,p0094_lower,94,lower,ig,default,v4,kmorb,False,0.1,0.0855325827393024,5,17.0,16.447,16.447,Al_undepleted,18.5,6,0.8946,0.5724,0.15,0.2332,0.0444,0.15,211009,Kalgoorlie,basalt,46.551801202499526,0.17329340057531045,3.4216207628290554,7.797753561737624,0.9628946596999964,33.87271713573811,6.966794226817568,0.23062505010281953,0.0225
p0095_upper_all-v3like_k0,p0095_upper,95,upper,all,v3like,v4a,k0,False,0.0,1.2453236798609055,5,17.0,17.4442,17.4442,Al_undepleted,16.276,7,0.8973,0.6222,0.15,0.1958,0.0319,0.15,207511,SOUTHERN CROSS,komatiitic basalt,49.075,0.6095,9.9201,11.8668,0.0,17.4442,10.9814,0.103,0.0
p0095_upper_mb_kmorb,p0095_upper,95,upper,mb,default,v4b;v4,kmorb,False,0.1,1.2453236798609055,5,17.0,17.4442,17.4442,Al_undepleted,16.276,7,0.8973,0.6222,0.15,0.1958,0.0319,0.15,207511,SOUTHERN CROSS,komatiitic basalt,48.93672269282321,0.6077826282481048,9.89214840112227,10.650026913215994,1.3151036332714987,17.3950479469821,10.950458004665691,0.10270977967113173,0.15
p0095_lower_all-v3like_k0,p0095_lower,95,lower,all,v3like,v4a,k0,False,0.0,1.2453236798609055,5,17.0,17.4442,17.4442,Al_undepleted,16.276,7,0.8973,0.6222,0.15,0.1958,0.0319,0.15,207511,SOUTHERN CROSS,komatiitic basalt,46.149553850446146,0.1797998202001798,3.1509968490031506,8.85979114020886,0.0,35.70596429403571,5.823394176605824,0.1304998695001305,0.0
p0095_lower_mb_kmorb,p0095_lower,95,lower,mb,default,v4b,kmorb,False,0.1,1.2453236798609055,5,17.0,17.4442,17.4442,Al_undepleted,16.276,7,0.8973,0.6222,0.15,0.1958,0.0319,0.15,207511,SOUTHERN CROSS,komatiitic basalt,46.093696060194695,0.17958219684727506,3.147182993691678,7.9641608056993265,0.9834432247806313,35.66274705577756,5.816345745942279,0.1303419170665706,0.0225
p0095_lower_ume_kmorb,p0095_lower,95,lower,ume,default,v4,kmorb,False,0.1,1.2453236798609055,5,17.0,17.4442,17.4442,Al_undepleted,16.276,7,0.8973,0.6222,0.15,0.1958,0.0319,0.15,207511,SOUTHERN CROSS,komatiitic basalt,46.093696060194695,0.17958219684727506,3.147182993691678,7.9641608056993265,0.9834432247806313,35.66274705577756,5.816345745942279,0.1303419170665706,0.0225
p0095_lower_ig_kmorb,p0095_lower,95,lower,ig,default,v4,kmorb,False,0.1,1.2453236798609055,5,17.0,17.4442,17.4442,Al_undepleted,16.276,7,0.8973,0.6222,0.15,0.1958,0.0319,0.15,207511,SOUTHERN CROSS,komatiitic basalt,46.093696060194695,0.17958219684727506,3.147182993691678,7.9641608056993265,0.9834432247806313,35.66274705577756,5.816345745942279,0.1303419170665706,0.0225
